[
  {
    "id": "1b112a2e-62a9-4b47-831d-0229a6d7870b",
    "data": [
      {
        "text": "IBM",
        "alias": "company_name",
        "meta": "@company_name",
        "userDefined": false
      }
    ],
    "isTemplate": false,
    "count": 0,
    "updated": 0
  },
  {
    "id": "7a2af2a4-7257-42ee-9e36-ca4ab28a8e06",
    "data": [
      {
        "text": "Tell me about ",
        "userDefined": false
      },
      {
        "text": "Apple",
        "alias": "company_name",
        "meta": "@company_name",
        "userDefined": false
      }
    ],
    "isTemplate": false,
    "count": 0,
    "updated": 0
  },
  {
    "id": "caccfca0-5417-4330-ae8b-b9d83319efa7",
    "data": [
      {
        "text": "I\u0027m interested in ",
        "userDefined": false
      },
      {
        "text": "Google",
        "alias": "company_name",
        "meta": "@company_name",
        "userDefined": false
      }
    ],
    "isTemplate": false,
    "count": 0,
    "updated": 0
  },
  {
    "id": "ba447658-92c0-4a67-a297-b474abd5cda9",
    "data": [
      {
        "text": "Facebook",
        "alias": "company_name",
        "meta": "@company_name",
        "userDefined": false
      },
      {
        "text": " ",
        "userDefined": false
      },
      {
        "text": "yesterday",
        "alias": "date",
        "meta": "@sys.date",
        "userDefined": false
      }
    ],
    "isTemplate": false,
    "count": 0,
    "updated": 0
  },
  {
    "id": "a8645d45-440a-41ec-90e0-09edcf749fab",
    "data": [
      {
        "text": "what was ",
        "userDefined": false
      },
      {
        "text": "IBM",
        "alias": "company_name",
        "meta": "@company_name",
        "userDefined": false
      },
      {
        "text": " at ",
        "userDefined": false
      },
      {
        "text": "on tuesday",
        "alias": "date",
        "meta": "@sys.date",
        "userDefined": false
      }
    ],
    "isTemplate": false,
    "count": 0,
    "updated": 0
  },
  {
    "id": "853cd665-1ffd-463c-a5dc-f9ffdf9604dd",
    "data": [
      {
        "text": "Get me the ",
        "userDefined": false
      },
      {
        "text": "closing",
        "alias": "price_type",
        "meta": "@price_type",
        "userDefined": false
      },
      {
        "text": " price of ",
        "userDefined": false
      },
      {
        "text": "Google",
        "alias": "company_name",
        "meta": "@company_name",
        "userDefined": false
      },
      {
        "text": " ",
        "userDefined": false
      },
      {
        "text": "yesterday",
        "alias": "date",
        "meta": "@sys.date",
        "userDefined": false
      }
    ],
    "isTemplate": false,
    "count": 0,
    "updated": 0
  },
  {
    "id": "3d9a02a5-35ce-4c36-8670-5b37c412be52",
    "data": [
      {
        "text": "Give me the ",
        "userDefined": false
      },
      {
        "text": "opening",
        "alias": "price_type",
        "meta": "@price_type",
        "userDefined": false
      },
      {
        "text": " price of ",
        "userDefined": false
      },
      {
        "text": "Apple",
        "alias": "company_name",
        "meta": "@company_name",
        "userDefined": false
      },
      {
        "text": " ",
        "userDefined": false
      },
      {
        "text": "on 1 May 2018",
        "alias": "date",
        "meta": "@sys.date",
        "userDefined": false
      }
    ],
    "isTemplate": false,
    "count": 0,
    "updated": 0
  }
]