[
  {
    "id": "28271f30-a6c6-4e79-a8e3-a7b3ed63f9de",
    "data": [
      {
        "text": "show me ",
        "userDefined": false
      },
      {
        "text": "all",
        "alias": "all",
        "meta": "@all",
        "userDefined": true
      },
      {
        "text": " my alarms",
        "userDefined": false
      }
    ],
    "isTemplate": false,
    "count": 0,
    "updated": 0
  },
  {
    "id": "af273c77-7a6d-4610-9e9d-527a7d2108c9",
    "data": [
      {
        "text": "alarms list for ",
        "userDefined": false
      },
      {
        "text": "next week",
        "alias": "date-time",
        "meta": "@sys.date-time",
        "userDefined": true
      }
    ],
    "isTemplate": false,
    "count": 0,
    "updated": 0
  },
  {
    "id": "91255012-b790-48b1-ad54-b9bfeebd2d05",
    "data": [
      {
        "text": "check alarms at ",
        "userDefined": false
      },
      {
        "text": "9:30 pm",
        "alias": "date-time",
        "meta": "@sys.date-time",
        "userDefined": true
      }
    ],
    "isTemplate": false,
    "count": 0,
    "updated": 0
  },
  {
    "id": "1302448a-c87c-4d25-8ede-82c82c22158d",
    "data": [
      {
        "text": "what time did you set the alarm for",
        "userDefined": false
      }
    ],
    "isTemplate": false,
    "count": 0,
    "updated": 0
  },
  {
    "id": "9336395c-e9c3-4a6f-b87f-6fdcf991ab56",
    "data": [
      {
        "text": "did you set that alarm for ",
        "userDefined": false
      },
      {
        "text": "6:30",
        "alias": "date-time",
        "meta": "@sys.date-time",
        "userDefined": true
      }
    ],
    "isTemplate": false,
    "count": 0,
    "updated": 0
  },
  {
    "id": "4eb1d33f-eb27-4e40-8df6-0e88eaf82a3f",
    "data": [
      {
        "text": "is my ",
        "userDefined": false
      },
      {
        "text": "daily",
        "alias": "recurrence",
        "meta": "@recurrence",
        "userDefined": true
      },
      {
        "text": " alarm set for ",
        "userDefined": false
      },
      {
        "text": "10 am",
        "alias": "date-time",
        "meta": "@sys.date-time",
        "userDefined": true
      }
    ],
    "isTemplate": false,
    "count": 0,
    "updated": 0
  },
  {
    "id": "c097a3f9-e8fc-4a99-978d-74682996a3af",
    "data": [
      {
        "text": "my alarms set for ",
        "userDefined": false
      },
      {
        "text": "8 am",
        "alias": "date-time",
        "meta": "@sys.date-time",
        "userDefined": true
      }
    ],
    "isTemplate": false,
    "count": 0,
    "updated": 0
  },
  {
    "id": "98361144-ef70-43b3-847e-bfec936e2014",
    "data": [
      {
        "text": "what time is my alarm set for",
        "userDefined": false
      }
    ],
    "isTemplate": false,
    "count": 0,
    "updated": 0
  },
  {
    "id": "9b7c37db-fa95-4167-a292-aaaa64ad0951",
    "data": [
      {
        "text": "is my alarm set",
        "userDefined": false
      }
    ],
    "isTemplate": false,
    "count": 0,
    "updated": 0
  },
  {
    "id": "6fa04022-ac44-4c87-ab9d-09f0dbc9ad7e",
    "data": [
      {
        "text": "for what time do I have my alarm set",
        "userDefined": false
      }
    ],
    "isTemplate": false,
    "count": 0,
    "updated": 0
  },
  {
    "id": "54a69b1c-f597-402c-b663-055187427c24",
    "data": [
      {
        "text": "I\u0027d like to see my ",
        "userDefined": false
      },
      {
        "text": "daily",
        "alias": "recurrence",
        "meta": "@recurrence",
        "userDefined": true
      },
      {
        "text": " alarms",
        "userDefined": false
      }
    ],
    "isTemplate": false,
    "count": 0,
    "updated": 0
  },
  {
    "id": "7ccbf5d2-d876-4605-ac26-14159eb39bed",
    "data": [
      {
        "text": "alarms list for ",
        "userDefined": false
      },
      {
        "text": "January 15",
        "alias": "date-time",
        "meta": "@sys.date-time",
        "userDefined": true
      }
    ],
    "isTemplate": false,
    "count": 0,
    "updated": 0
  },
  {
    "id": "0a21d60f-0a9a-4727-b7cb-0e2e7ab4d15f",
    "data": [
      {
        "text": "open up my alarms list for the ",
        "userDefined": false
      },
      {
        "text": "next week",
        "alias": "date-time",
        "meta": "@sys.date-time",
        "userDefined": true
      }
    ],
    "isTemplate": false,
    "count": 0,
    "updated": 0
  },
  {
    "id": "cfa6e7ea-773c-4387-8b6d-6be85167707d",
    "data": [
      {
        "text": "is my ",
        "userDefined": false
      },
      {
        "text": "weekly",
        "alias": "recurrence",
        "meta": "@recurrence",
        "userDefined": true
      },
      {
        "text": " alarm set",
        "userDefined": false
      }
    ],
    "isTemplate": false,
    "count": 0,
    "updated": 0
  },
  {
    "id": "1959e037-aeb0-4d2c-a194-a46a13bb7fcd",
    "data": [
      {
        "text": "did you set the alarm for ",
        "userDefined": false
      },
      {
        "text": "10 am",
        "alias": "date-time",
        "meta": "@sys.date-time",
        "userDefined": true
      }
    ],
    "isTemplate": false,
    "count": 0,
    "updated": 0
  },
  {
    "id": "5514a28d-10ec-496e-816e-a74df20a3538",
    "data": [
      {
        "text": "show my alarms for ",
        "userDefined": false
      },
      {
        "text": "tomorrow",
        "alias": "date-time",
        "meta": "@sys.date-time",
        "userDefined": true
      }
    ],
    "isTemplate": false,
    "count": 0,
    "updated": 0
  },
  {
    "id": "360f5963-6e1f-4c8f-a100-574362fdc49b",
    "data": [
      {
        "text": "check ",
        "userDefined": false
      },
      {
        "text": "all",
        "alias": "all",
        "meta": "@all",
        "userDefined": true
      },
      {
        "text": " my alarms",
        "userDefined": false
      }
    ],
    "isTemplate": false,
    "count": 0,
    "updated": 0
  },
  {
    "id": "058a7213-cfba-410d-8406-7c37f214d190",
    "data": [
      {
        "text": "I\u0027d like to see my alarms",
        "userDefined": false
      }
    ],
    "isTemplate": false,
    "count": 0,
    "updated": 0
  },
  {
    "id": "5e47b37e-4e1e-4547-b34b-31c58bc50d4b",
    "data": [
      {
        "text": "check my alarm for ",
        "userDefined": false
      },
      {
        "text": "6 am",
        "alias": "date-time",
        "meta": "@sys.date-time",
        "userDefined": true
      }
    ],
    "isTemplate": false,
    "count": 0,
    "updated": 0
  },
  {
    "id": "3858ab13-cd99-4c32-80f6-70b7d5c50c9d",
    "data": [
      {
        "text": "do I have any alarms set",
        "userDefined": false
      }
    ],
    "isTemplate": false,
    "count": 0,
    "updated": 0
  },
  {
    "id": "bb2007f9-105a-4fda-a4d9-95c89d70ff91",
    "data": [
      {
        "text": "show my alarms",
        "userDefined": false
      }
    ],
    "isTemplate": false,
    "count": 0,
    "updated": 0
  },
  {
    "id": "74e022e2-e9e3-440c-bf55-b2106678f292",
    "data": [
      {
        "text": "all",
        "alias": "all",
        "meta": "@all",
        "userDefined": true
      },
      {
        "text": " my alarms",
        "userDefined": false
      }
    ],
    "isTemplate": false,
    "count": 0,
    "updated": 0
  },
  {
    "id": "f1adaffc-a846-45f5-b73a-ec52ffcb86d6",
    "data": [
      {
        "text": "my alarms",
        "userDefined": false
      }
    ],
    "isTemplate": false,
    "count": 0,
    "updated": 0
  },
  {
    "id": "275275bc-f6d5-4856-97ca-c5bcb3d0acc1",
    "data": [
      {
        "text": "do I have any alarms set for ",
        "userDefined": false
      },
      {
        "text": "June 22",
        "alias": "date-time",
        "meta": "@sys.date-time",
        "userDefined": true
      }
    ],
    "isTemplate": false,
    "count": 0,
    "updated": 0
  },
  {
    "id": "d91ef5c6-3011-465b-aa12-d2b2f3ace026",
    "data": [
      {
        "text": "check my alarms for ",
        "userDefined": false
      },
      {
        "text": "tomorrow morning",
        "alias": "date-time",
        "meta": "@sys.date-time",
        "userDefined": false
      }
    ],
    "isTemplate": false,
    "count": 0,
    "updated": 0
  },
  {
    "id": "973d7ae3-b62f-41da-8929-78cc1142c835",
    "data": [
      {
        "text": "how many alarms do I have for ",
        "userDefined": false
      },
      {
        "text": "tomorrow morning",
        "alias": "date-time",
        "meta": "@sys.date-time",
        "userDefined": true
      }
    ],
    "isTemplate": false,
    "count": 1,
    "updated": 0
  },
  {
    "id": "e4541f5a-7ee8-4af2-8fce-57ae24c7f06b",
    "data": [
      {
        "text": "pull up the list of ",
        "userDefined": false
      },
      {
        "text": "all",
        "alias": "all",
        "meta": "@all",
        "userDefined": true
      },
      {
        "text": " my alarms",
        "userDefined": false
      }
    ],
    "isTemplate": false,
    "count": 0,
    "updated": 0
  },
  {
    "id": "23de68bf-8100-4f05-bb16-e223d8a07cba",
    "data": [
      {
        "text": "at what time do you wake me up on ",
        "userDefined": false
      },
      {
        "text": "Mondays",
        "alias": "recurrence",
        "meta": "@recurrence",
        "userDefined": true
      }
    ],
    "isTemplate": false,
    "count": 0,
    "updated": 0
  },
  {
    "id": "5221f791-21d2-450c-a24b-e6135028b9cd",
    "data": [
      {
        "text": "do I have any alarms ",
        "userDefined": false
      },
      {
        "text": "tomorrow at 9",
        "alias": "date-time",
        "meta": "@sys.date-time",
        "userDefined": true
      }
    ],
    "isTemplate": false,
    "count": 0,
    "updated": 0
  }
]