[
  {
    "id": "90c039e6-ba4c-4dd9-b520-7965da9571f7",
    "data": [
      {
        "text": "snooze for later",
        "userDefined": false
      }
    ],
    "isTemplate": false,
    "count": 0,
    "updated": 0
  },
  {
    "id": "a79beb6a-fae2-4483-a8aa-8b62192c9494",
    "data": [
      {
        "text": "snooze it",
        "userDefined": false
      }
    ],
    "isTemplate": false,
    "count": 0,
    "updated": 0
  },
  {
    "id": "39ba04d7-35a9-430e-81c7-a1d8d7409f08",
    "data": [
      {
        "text": "repeat later",
        "userDefined": false
      }
    ],
    "isTemplate": false,
    "count": 0,
    "updated": 0
  },
  {
    "id": "ee796e28-6631-4d89-a3d4-b02d09699a73",
    "data": [
      {
        "text": "snooze alarm",
        "userDefined": false
      }
    ],
    "isTemplate": false,
    "count": 0,
    "updated": 0
  },
  {
    "id": "e37dff02-36ff-4108-bd77-2c53fe8580ca",
    "data": [
      {
        "text": "snooze",
        "userDefined": false
      }
    ],
    "isTemplate": false,
    "count": 0,
    "updated": 0
  }
]