[
  {
    "id": "f8d352ff-3e28-4f59-8ec9-9c00db6fd793",
    "data": [
      {
        "text": "another one",
        "userDefined": false
      }
    ],
    "isTemplate": false,
    "count": 0,
    "updated": 0
  },
  {
    "id": "ee0b125a-5bbb-4a58-90a2-576608295473",
    "data": [
      {
        "text": "one more",
        "userDefined": false
      }
    ],
    "isTemplate": false,
    "count": 0,
    "updated": 0
  },
  {
    "id": "1bf73c3c-36a2-4e2c-aa50-9c171232f1fa",
    "data": [
      {
        "text": "set another one",
        "userDefined": false
      }
    ],
    "isTemplate": false,
    "count": 0,
    "updated": 0
  },
  {
    "id": "727a7b02-2897-410c-9275-4abd5c048755",
    "data": [
      {
        "text": "one more please",
        "userDefined": false
      }
    ],
    "isTemplate": false,
    "count": 0,
    "updated": 0
  }
]