[
  {
    "id": "6fbfa627-374b-42ca-a967-db7c5fd0d492",
    "data": [
      {
        "text": "reschedule the ",
        "userDefined": false
      },
      {
        "text": "6 pm",
        "alias": "date-time-from",
        "meta": "@sys.date-time",
        "userDefined": true
      },
      {
        "text": " alarm to ",
        "userDefined": false
      },
      {
        "text": "7 pm",
        "alias": "date-time-to",
        "meta": "@sys.date-time",
        "userDefined": true
      }
    ],
    "isTemplate": false,
    "count": 0,
    "updated": 0
  },
  {
    "id": "484146cc-bb89-488d-adca-4d4d92f4203f",
    "data": [
      {
        "text": "I\u0027d like to reschedule ",
        "userDefined": false
      },
      {
        "text": "all",
        "alias": "all",
        "meta": "@all",
        "userDefined": true
      },
      {
        "text": " my alarms",
        "userDefined": false
      }
    ],
    "isTemplate": false,
    "count": 0,
    "updated": 0
  },
  {
    "id": "f1d35eb8-3b3e-4aca-854f-027755e1aaa4",
    "data": [
      {
        "text": "reschedule my ",
        "userDefined": false
      },
      {
        "text": "daily",
        "alias": "recurrence-from",
        "meta": "@recurrence",
        "userDefined": true
      },
      {
        "text": " alarm to ",
        "userDefined": false
      },
      {
        "text": "every Monday",
        "alias": "recurrence-to",
        "meta": "@recurrence",
        "userDefined": true
      },
      {
        "text": " at ",
        "userDefined": false
      },
      {
        "text": "9 am",
        "alias": "date-time-to",
        "meta": "@sys.date-time",
        "userDefined": true
      }
    ],
    "isTemplate": false,
    "count": 0,
    "updated": 0
  },
  {
    "id": "f5718f9f-0191-425a-9c06-04af8d9cb3a4",
    "data": [
      {
        "text": "change ",
        "userDefined": false
      },
      {
        "text": "all",
        "alias": "all",
        "meta": "@all",
        "userDefined": true
      },
      {
        "text": " my alarms",
        "userDefined": false
      }
    ],
    "isTemplate": false,
    "count": 0,
    "updated": 0
  },
  {
    "id": "4cbbd152-8083-4c87-ba82-485e04b1b0e3",
    "data": [
      {
        "text": "I need to change my ",
        "userDefined": false
      },
      {
        "text": "5 am",
        "alias": "date-time-from",
        "meta": "@sys.date-time",
        "userDefined": true
      },
      {
        "text": " alarm to ",
        "userDefined": false
      },
      {
        "text": "7 am",
        "alias": "date-time-to",
        "meta": "@sys.date-time",
        "userDefined": true
      }
    ],
    "isTemplate": false,
    "count": 0,
    "updated": 0
  },
  {
    "id": "8e646dca-0651-47b5-b656-e0497de6bc25",
    "data": [
      {
        "text": "I\u0027d like to change my alarm to ",
        "userDefined": false
      },
      {
        "text": "8:30 am",
        "alias": "date-time-to",
        "meta": "@sys.date-time",
        "userDefined": true
      }
    ],
    "isTemplate": false,
    "count": 0,
    "updated": 0
  },
  {
    "id": "ad2bee11-dd7e-417c-ac67-e93f39f69319",
    "data": [
      {
        "text": "how can I modify my ",
        "userDefined": false
      },
      {
        "text": "daily",
        "alias": "recurrence-from",
        "meta": "@recurrence",
        "userDefined": true
      },
      {
        "text": " alarm",
        "userDefined": false
      }
    ],
    "isTemplate": false,
    "count": 0,
    "updated": 0
  },
  {
    "id": "28c79a26-7d38-4edf-b35a-45f64c37adeb",
    "data": [
      {
        "text": "manage alarms",
        "userDefined": false
      }
    ],
    "isTemplate": false,
    "count": 0,
    "updated": 0
  },
  {
    "id": "b5114cce-b648-4f9a-8573-1910f0afcc19",
    "data": [
      {
        "text": "I\u0027d like to customize my alarm",
        "userDefined": false
      }
    ],
    "isTemplate": false,
    "count": 0,
    "updated": 0
  },
  {
    "id": "bc6c805e-550e-4c3d-8e4a-1b76fb287397",
    "data": [
      {
        "text": "I\u0027d like to customize my ",
        "userDefined": false
      },
      {
        "text": "07:45",
        "alias": "date-time-from",
        "meta": "@sys.date-time",
        "userDefined": true
      },
      {
        "text": " alarm",
        "userDefined": false
      }
    ],
    "isTemplate": false,
    "count": 0,
    "updated": 0
  },
  {
    "id": "2f7b34fc-71fd-487c-abf6-4f1802037c77",
    "data": [
      {
        "text": "edit the ",
        "userDefined": false
      },
      {
        "text": "wake",
        "meta": "@sys.ignore",
        "userDefined": false
      },
      {
        "text": " ",
        "userDefined": false
      },
      {
        "text": "up",
        "meta": "@sys.ignore",
        "userDefined": false
      },
      {
        "text": " time",
        "userDefined": false
      }
    ],
    "isTemplate": false,
    "count": 0,
    "updated": 0
  },
  {
    "id": "475b74e1-ae46-4362-bef5-b550234a38a4",
    "data": [
      {
        "text": "how can I change the ",
        "userDefined": false
      },
      {
        "text": "wake",
        "meta": "@sys.ignore",
        "userDefined": false
      },
      {
        "text": " ",
        "userDefined": false
      },
      {
        "text": "up",
        "meta": "@sys.ignore",
        "userDefined": false
      },
      {
        "text": " settings",
        "userDefined": false
      }
    ],
    "isTemplate": false,
    "count": 0,
    "updated": 0
  },
  {
    "id": "26f8ca49-a229-4384-9b59-61bf659ce8c8",
    "data": [
      {
        "text": "change the ",
        "userDefined": false
      },
      {
        "text": "8:45",
        "alias": "date-time-from",
        "meta": "@sys.date-time",
        "userDefined": true
      },
      {
        "text": " alarm",
        "userDefined": false
      }
    ],
    "isTemplate": false,
    "count": 0,
    "updated": 0
  },
  {
    "id": "f19bcbbb-a9a0-4484-b03d-ee4d2d3e0487",
    "data": [
      {
        "text": "edit alarm",
        "userDefined": false
      }
    ],
    "isTemplate": false,
    "count": 1,
    "updated": 0
  },
  {
    "id": "cca0fc6b-38c2-4d0d-8cb6-7c34f8f77c3b",
    "data": [
      {
        "text": "change my ",
        "userDefined": false
      },
      {
        "text": "daily",
        "alias": "recurrence-from",
        "meta": "@recurrence",
        "userDefined": true
      },
      {
        "text": " alarm recurrence to ",
        "userDefined": false
      },
      {
        "text": "every Sunday",
        "alias": "recurrence-to",
        "meta": "@recurrence",
        "userDefined": true
      }
    ],
    "isTemplate": false,
    "count": 0,
    "updated": 0
  },
  {
    "id": "46786a5e-1c08-4aaf-8c90-2902e36681ba",
    "data": [
      {
        "text": "move my ",
        "userDefined": false
      },
      {
        "text": "alarm",
        "meta": "@sys.ignore",
        "userDefined": true
      },
      {
        "text": " to ",
        "userDefined": false
      },
      {
        "text": "9 am",
        "alias": "date-time-to",
        "meta": "@sys.date-time",
        "userDefined": true
      }
    ],
    "isTemplate": false,
    "count": 0,
    "updated": 0
  },
  {
    "id": "c9fb8c28-d946-4e67-ba85-48d55e2dfe4c",
    "data": [
      {
        "text": "edit my alarm for ",
        "userDefined": false
      },
      {
        "text": "tomorrow",
        "alias": "date-time-from",
        "meta": "@sys.date-time",
        "userDefined": true
      }
    ],
    "isTemplate": false,
    "count": 0,
    "updated": 0
  },
  {
    "id": "de3b88ae-dbd6-44c2-92d9-bbf6053f3c5a",
    "data": [
      {
        "text": "change my alarm to ",
        "userDefined": false
      },
      {
        "text": "3 pm",
        "alias": "date-time-to",
        "meta": "@sys.date-time",
        "userDefined": true
      }
    ],
    "isTemplate": false,
    "count": 0,
    "updated": 0
  },
  {
    "id": "452731ea-1191-48e6-b5c5-ed5201f0faf2",
    "data": [
      {
        "text": "change ",
        "userDefined": false
      },
      {
        "text": "6 am",
        "alias": "date-time-from",
        "meta": "@sys.date-time",
        "userDefined": true
      },
      {
        "text": " alarm to ",
        "userDefined": false
      },
      {
        "text": "7 am",
        "alias": "date-time-to",
        "meta": "@sys.date-time",
        "userDefined": true
      }
    ],
    "isTemplate": false,
    "count": 0,
    "updated": 0
  },
  {
    "id": "54b21f2c-8f59-4dc4-98df-bc0461b1bf08",
    "data": [
      {
        "text": "change the alarm",
        "userDefined": false
      }
    ],
    "isTemplate": false,
    "count": 0,
    "updated": 0
  },
  {
    "id": "f55f73a3-5acc-4f0e-a1ae-d63196d1e6ed",
    "data": [
      {
        "text": "edit my ",
        "userDefined": false
      },
      {
        "text": "6:10",
        "alias": "date-time-from",
        "meta": "@sys.date-time",
        "userDefined": true
      },
      {
        "text": " alarm",
        "userDefined": false
      }
    ],
    "isTemplate": false,
    "count": 0,
    "updated": 0
  },
  {
    "id": "60f60fdf-c53f-4524-a55a-164b6e0a1625",
    "data": [
      {
        "text": "could you move my alarm from ",
        "userDefined": false
      },
      {
        "text": "Friday",
        "alias": "date-time-from",
        "meta": "@sys.date-time",
        "userDefined": true
      },
      {
        "text": " to ",
        "userDefined": false
      },
      {
        "text": "Saturday",
        "alias": "date-time-to",
        "meta": "@sys.date-time",
        "userDefined": true
      }
    ],
    "isTemplate": false,
    "count": 0,
    "updated": 0
  },
  {
    "id": "8618ac18-1a08-47eb-acec-d5776de663ca",
    "data": [
      {
        "text": "change my ",
        "userDefined": false
      },
      {
        "text": "Tuesday",
        "alias": "date-time-from",
        "meta": "@sys.date-time",
        "userDefined": true
      },
      {
        "text": " alarm",
        "userDefined": false
      }
    ],
    "isTemplate": false,
    "count": 0,
    "updated": 0
  },
  {
    "id": "5cef8f07-2bc4-4f6c-9fac-a9d60c5126c0",
    "data": [
      {
        "text": "move my ",
        "userDefined": false
      },
      {
        "text": "4:00 am",
        "alias": "date-time-from",
        "meta": "@sys.date-time",
        "userDefined": true
      },
      {
        "text": " alarm to ",
        "userDefined": false
      },
      {
        "text": "5:30",
        "alias": "date-time-to",
        "meta": "@sys.date-time",
        "userDefined": true
      }
    ],
    "isTemplate": false,
    "count": 0,
    "updated": 0
  },
  {
    "id": "fb448877-a404-482e-a50f-42398476159c",
    "data": [
      {
        "text": "edit ",
        "userDefined": false
      },
      {
        "text": "every Monday",
        "alias": "recurrence-from",
        "meta": "@recurrence",
        "userDefined": true
      },
      {
        "text": " alarm to ",
        "userDefined": false
      },
      {
        "text": "every Tuesday",
        "alias": "recurrence-to",
        "meta": "@recurrence",
        "userDefined": true
      }
    ],
    "isTemplate": false,
    "count": 0,
    "updated": 0
  },
  {
    "id": "97f30649-b1d5-4288-a8b3-0d855276e151",
    "data": [
      {
        "text": "reschedule an alarm",
        "userDefined": false
      }
    ],
    "isTemplate": false,
    "count": 0,
    "updated": 0
  },
  {
    "id": "6a855cb5-466d-43ac-afc5-76e1b96a7a8d",
    "data": [
      {
        "text": "could you change the ",
        "userDefined": false
      },
      {
        "text": "8:30",
        "alias": "date-time-from",
        "meta": "@sys.date-time",
        "userDefined": true
      },
      {
        "text": " alarm",
        "userDefined": false
      }
    ],
    "isTemplate": false,
    "count": 0,
    "updated": 0
  },
  {
    "id": "43b8ee5d-e610-412c-ac27-42a37757f2de",
    "data": [
      {
        "text": "move my alarm from ",
        "userDefined": false
      },
      {
        "text": "Friday 6 pm",
        "alias": "date-time-from",
        "meta": "@sys.date-time",
        "userDefined": true
      },
      {
        "text": " to ",
        "userDefined": false
      },
      {
        "text": "Saturday 7 pm",
        "alias": "date-time-to",
        "meta": "@sys.date-time",
        "userDefined": true
      }
    ],
    "isTemplate": false,
    "count": 0,
    "updated": 0
  }
]