[
  {
    "id": "97b2de81-e13a-4d99-b5c8-2382d61d8aa9",
    "data": [
      {
        "text": "wake me up",
        "meta": "@sys.ignore",
        "userDefined": false
      }
    ],
    "isTemplate": false,
    "count": 0,
    "updated": 0
  },
  {
    "id": "294c75ff-4543-495c-ac36-28f0e1be05fa",
    "data": [
      {
        "text": "set alarm at ",
        "userDefined": false
      },
      {
        "text": "8 am",
        "alias": "date-time",
        "meta": "@sys.date-time",
        "userDefined": true
      },
      {
        "text": " in the morning",
        "userDefined": false
      }
    ],
    "isTemplate": false,
    "count": 0,
    "updated": 0
  },
  {
    "id": "cf408563-8fbc-43be-9b4d-76efddb78495",
    "data": [
      {
        "text": "set new alarm for ",
        "userDefined": false
      },
      {
        "text": "10 pm",
        "alias": "date-time",
        "meta": "@sys.date-time",
        "userDefined": true
      }
    ],
    "isTemplate": false,
    "count": 0,
    "updated": 0
  },
  {
    "id": "71a5543d-a244-4561-b914-ea9e4507f534",
    "data": [
      {
        "text": "wake me up at ",
        "userDefined": false
      },
      {
        "text": "8",
        "alias": "date-time",
        "meta": "@sys.date-time",
        "userDefined": true
      },
      {
        "text": " ",
        "userDefined": false
      },
      {
        "text": "every day",
        "alias": "recurrence",
        "meta": "@recurrence",
        "userDefined": true
      }
    ],
    "isTemplate": false,
    "count": 0,
    "updated": 0
  },
  {
    "id": "da36c926-c5e9-4ff4-b5ac-1bab9e63e9d7",
    "data": [
      {
        "text": "wake me up ",
        "userDefined": false
      },
      {
        "text": "every day",
        "alias": "recurrence",
        "meta": "@recurrence",
        "userDefined": true
      },
      {
        "text": " at ",
        "userDefined": false
      },
      {
        "text": "6",
        "alias": "date-time",
        "meta": "@sys.date-time",
        "userDefined": true
      }
    ],
    "isTemplate": false,
    "count": 0,
    "updated": 0
  },
  {
    "id": "70a18469-d63d-4d6a-a1ab-396a29cc3040",
    "data": [
      {
        "text": "could you set an alarm for ",
        "userDefined": false
      },
      {
        "text": "every Monday",
        "alias": "recurrence",
        "meta": "@recurrence",
        "userDefined": true
      },
      {
        "text": " at ",
        "userDefined": false
      },
      {
        "text": "9 am",
        "alias": "date-time",
        "meta": "@sys.date-time",
        "userDefined": true
      }
    ],
    "isTemplate": false,
    "count": 0,
    "updated": 0
  },
  {
    "id": "7b66e136-0ac3-42e3-9426-2a4d258e3b3a",
    "data": [
      {
        "text": "I\u0027d like to set an alarm at ",
        "userDefined": false
      },
      {
        "text": "7 am",
        "alias": "date-time",
        "meta": "@sys.date-time",
        "userDefined": true
      },
      {
        "text": " ",
        "userDefined": false
      },
      {
        "text": "every weekend",
        "alias": "recurrence",
        "meta": "@recurrence",
        "userDefined": true
      }
    ],
    "isTemplate": false,
    "count": 0,
    "updated": 0
  },
  {
    "id": "9b3cee35-b428-4e89-8e1c-b3c42547b3c2",
    "data": [
      {
        "text": "I\u0027d like to set an alarm for ",
        "userDefined": false
      },
      {
        "text": "7 pm",
        "alias": "date-time",
        "meta": "@sys.date-time",
        "userDefined": true
      }
    ],
    "isTemplate": false,
    "count": 0,
    "updated": 0
  },
  {
    "id": "49894a55-966f-4c3e-8102-2b8321e88705",
    "data": [
      {
        "text": "new alarm called ",
        "userDefined": false
      },
      {
        "text": "for",
        "meta": "@sys.ignore",
        "userDefined": true
      },
      {
        "text": " ",
        "userDefined": false
      },
      {
        "text": "weekdays",
        "alias": "recurrence",
        "meta": "@recurrence",
        "userDefined": true
      },
      {
        "text": " at ",
        "userDefined": false
      },
      {
        "text": "10",
        "alias": "date-time",
        "meta": "@sys.date-time",
        "userDefined": true
      }
    ],
    "isTemplate": false,
    "count": 0,
    "updated": 0
  },
  {
    "id": "2062693f-b9c1-46c6-bb89-54c2733fc4c3",
    "data": [
      {
        "text": "could you set an alarm",
        "userDefined": false
      }
    ],
    "isTemplate": false,
    "count": 0,
    "updated": 0
  },
  {
    "id": "2d0d6cb0-e79a-4691-a580-6fbff54f5af1",
    "data": [
      {
        "text": "alarm for ",
        "userDefined": false
      },
      {
        "text": "tomorrow at 8 pm",
        "alias": "date-time",
        "meta": "@sys.date-time",
        "userDefined": true
      }
    ],
    "isTemplate": false,
    "count": 0,
    "updated": 0
  },
  {
    "id": "dd84392b-3314-4732-82db-ee0e338e2b49",
    "data": [
      {
        "text": "I want to wake ",
        "userDefined": false
      },
      {
        "text": "every day",
        "alias": "recurrence",
        "meta": "@recurrence",
        "userDefined": true
      },
      {
        "text": " at ",
        "userDefined": false
      },
      {
        "text": "7 am",
        "alias": "date-time",
        "meta": "@sys.date-time",
        "userDefined": true
      }
    ],
    "isTemplate": false,
    "count": 0,
    "updated": 0
  },
  {
    "id": "568839e9-1269-4efb-ab0a-51d09ba68217",
    "data": [
      {
        "text": "new alarm",
        "userDefined": false
      }
    ],
    "isTemplate": false,
    "count": 0,
    "updated": 0
  },
  {
    "id": "0ed2b75b-ffda-4d26-950e-49f30be9a682",
    "data": [
      {
        "text": "wake me up",
        "userDefined": false
      }
    ],
    "isTemplate": false,
    "count": 0,
    "updated": 0
  },
  {
    "id": "b72556fc-3392-41cf-9fe0-a148d44e3eb1",
    "data": [
      {
        "text": "set an alarm",
        "userDefined": false
      }
    ],
    "isTemplate": false,
    "count": 0,
    "updated": 0
  },
  {
    "id": "d3c426be-c66a-4c97-8533-462ab792bd48",
    "data": [
      {
        "text": "alarm for ",
        "userDefined": false
      },
      {
        "text": "9 am",
        "alias": "date-time",
        "meta": "@sys.date-time",
        "userDefined": true
      }
    ],
    "isTemplate": false,
    "count": 0,
    "updated": 0
  },
  {
    "id": "2e909730-72de-4f8f-93ec-42306d360fcb",
    "data": [
      {
        "text": "set alarm for ",
        "userDefined": false
      },
      {
        "text": "10 am tomorrow",
        "alias": "date-time",
        "meta": "@sys.date-time",
        "userDefined": true
      }
    ],
    "isTemplate": false,
    "count": 0,
    "updated": 0
  },
  {
    "id": "9735371a-f457-4f71-9fc6-ce55a1f4c5e7",
    "data": [
      {
        "text": "I need an alarm set for ",
        "userDefined": false
      },
      {
        "text": "weekdays",
        "alias": "recurrence",
        "meta": "@recurrence",
        "userDefined": true
      },
      {
        "text": " at ",
        "userDefined": false
      },
      {
        "text": "4 am",
        "alias": "date-time",
        "meta": "@sys.date-time",
        "userDefined": true
      }
    ],
    "isTemplate": false,
    "count": 0,
    "updated": 0
  },
  {
    "id": "cee877ce-18a0-4acd-84c1-29a28eb10924",
    "data": [
      {
        "text": "could you set an alarm for ",
        "userDefined": false
      },
      {
        "text": "6 am",
        "alias": "date-time",
        "meta": "@sys.date-time",
        "userDefined": true
      }
    ],
    "isTemplate": false,
    "count": 0,
    "updated": 0
  },
  {
    "id": "d9153c32-8c31-4485-ae18-1a3ae854eccf",
    "data": [
      {
        "text": "alarm",
        "userDefined": false
      }
    ],
    "isTemplate": false,
    "count": 0,
    "updated": 0
  },
  {
    "id": "3855c442-ba9c-4cb7-b138-302fd58a30db",
    "data": [
      {
        "text": "set alarm ",
        "userDefined": false
      },
      {
        "text": "tomorrow at 9 pm",
        "alias": "date-time",
        "meta": "@sys.date-time",
        "userDefined": true
      }
    ],
    "isTemplate": false,
    "count": 0,
    "updated": 0
  },
  {
    "id": "0be480f2-3b6d-4362-aa6d-d027f1c1c45b",
    "data": [
      {
        "text": "wake me up ",
        "userDefined": false
      },
      {
        "text": "in 8 hours",
        "alias": "date-time",
        "meta": "@sys.date-time",
        "userDefined": true
      }
    ],
    "isTemplate": false,
    "count": 0,
    "updated": 0
  },
  {
    "id": "f680d7ad-4b19-46c4-abbf-a62589681e90",
    "data": [
      {
        "text": "set new alarm for ",
        "userDefined": false
      },
      {
        "text": "9 am on Wednesday",
        "alias": "date-time",
        "meta": "@sys.date-time",
        "userDefined": true
      }
    ],
    "isTemplate": false,
    "count": 0,
    "updated": 0
  },
  {
    "id": "ec5a734a-2380-4519-90e8-82528e48902a",
    "data": [
      {
        "text": "wake me up at ",
        "userDefined": false
      },
      {
        "text": "9 am",
        "alias": "date-time",
        "meta": "@sys.date-time",
        "userDefined": true
      }
    ],
    "isTemplate": false,
    "count": 0,
    "updated": 0
  }
]