[
  {
    "id": "cd6f63f7-ad00-4ede-9004-a91cfe2fe2c3",
    "data": [
      {
        "text": "repeat ",
        "userDefined": false
      },
      {
        "text": "daily",
        "alias": "recurrence",
        "meta": "@recurrence",
        "userDefined": false
      }
    ],
    "isTemplate": false,
    "count": 0,
    "updated": 0
  },
  {
    "id": "d516a377-6875-436e-b4f0-f1e635583272",
    "data": [
      {
        "text": "do it ",
        "userDefined": false
      },
      {
        "text": "every day",
        "alias": "recurrence",
        "meta": "@recurrence",
        "userDefined": false
      }
    ],
    "isTemplate": false,
    "count": 0,
    "updated": 0
  },
  {
    "id": "d3537dcf-6466-47af-9c89-54799c4146c9",
    "data": [
      {
        "text": "repeat ",
        "userDefined": false
      },
      {
        "text": "every Wednesday",
        "alias": "recurrence",
        "meta": "@recurrence",
        "userDefined": false
      }
    ],
    "isTemplate": false,
    "count": 0,
    "updated": 0
  },
  {
    "id": "5e9b625f-abe4-46cf-934f-0c037a4cbdb6",
    "data": [
      {
        "text": "weekdays",
        "alias": "recurrence",
        "meta": "@recurrence",
        "userDefined": false
      }
    ],
    "isTemplate": false,
    "count": 0,
    "updated": 0
  },
  {
    "id": "9412196c-5f8b-4e3b-8dae-87aeab80960b",
    "data": [
      {
        "text": "only on ",
        "userDefined": false
      },
      {
        "text": "weekends",
        "alias": "recurrence",
        "meta": "@recurrence",
        "userDefined": true
      }
    ],
    "isTemplate": false,
    "count": 0,
    "updated": 0
  }
]