[
  {
    "id": "9ade4c3a-5353-473e-b38e-d8d0da9a3ae0",
    "data": [
      {
        "text": "clear the alarms list for ",
        "userDefined": false
      },
      {
        "text": "next week",
        "alias": "date-time",
        "meta": "@sys.date-time",
        "userDefined": true
      }
    ],
    "isTemplate": false,
    "count": 0,
    "updated": 0
  },
  {
    "id": "661ad8a5-10cf-456f-9efc-7d38b7975113",
    "data": [
      {
        "text": "turn off the alarm for ",
        "userDefined": false
      },
      {
        "text": "10 am",
        "alias": "date-time",
        "meta": "@sys.date-time",
        "userDefined": true
      }
    ],
    "isTemplate": false,
    "count": 0,
    "updated": 0
  },
  {
    "id": "3105bcf3-6515-4913-bf2b-87185a111d8a",
    "data": [
      {
        "text": "remove alarms for ",
        "userDefined": false
      },
      {
        "text": "tomorrow at 9",
        "alias": "date-time",
        "meta": "@sys.date-time",
        "userDefined": true
      }
    ],
    "isTemplate": false,
    "count": 0,
    "updated": 0
  },
  {
    "id": "44ccf144-9c61-445c-8f3b-17472a5381de",
    "data": [
      {
        "text": "I\u0027d like to turn off the ",
        "userDefined": false
      },
      {
        "text": "weekly",
        "alias": "recurrence",
        "meta": "@recurrence",
        "userDefined": true
      },
      {
        "text": " alarm at ",
        "userDefined": false
      },
      {
        "text": "10 am",
        "alias": "date-time",
        "meta": "@sys.date-time",
        "userDefined": true
      }
    ],
    "isTemplate": false,
    "count": 0,
    "updated": 0
  },
  {
    "id": "6dcc9752-1ed3-4b4a-9d65-d64b2ceecac2",
    "data": [
      {
        "text": "remove ",
        "userDefined": false
      },
      {
        "text": "6 am",
        "alias": "date-time",
        "meta": "@sys.date-time",
        "userDefined": true
      },
      {
        "text": " alarm",
        "userDefined": false
      }
    ],
    "isTemplate": false,
    "count": 0,
    "updated": 0
  },
  {
    "id": "baeda81c-7796-406f-98fd-a7eee48b5ca7",
    "data": [
      {
        "text": "remove ",
        "userDefined": false
      },
      {
        "text": "all",
        "alias": "all",
        "meta": "@all",
        "userDefined": true
      },
      {
        "text": " my alarms at ",
        "userDefined": false
      },
      {
        "text": "8 am",
        "alias": "date-time",
        "meta": "@sys.date-time",
        "userDefined": true
      }
    ],
    "isTemplate": false,
    "count": 0,
    "updated": 0
  },
  {
    "id": "459e5616-a1e1-4dd4-b744-bd1bfab27c81",
    "data": [
      {
        "text": "remove my alarms set for ",
        "userDefined": false
      },
      {
        "text": "8 am",
        "alias": "date-time",
        "meta": "@sys.date-time",
        "userDefined": true
      }
    ],
    "isTemplate": false,
    "count": 0,
    "updated": 0
  },
  {
    "id": "e15a4846-fb5c-43f2-a9d6-c9ff63b066be",
    "data": [
      {
        "text": "remove ",
        "userDefined": false
      },
      {
        "text": "all",
        "alias": "all",
        "meta": "@all",
        "userDefined": true
      },
      {
        "text": " my alarms",
        "userDefined": false
      }
    ],
    "isTemplate": false,
    "count": 0,
    "updated": 0
  },
  {
    "id": "c832ba20-625a-496e-a553-f0daa035ee7c",
    "data": [
      {
        "text": "could you delete my alarms list",
        "userDefined": false
      }
    ],
    "isTemplate": false,
    "count": 0,
    "updated": 0
  },
  {
    "id": "9e0f3702-ac37-4f61-8029-c5ffe57ce0aa",
    "data": [
      {
        "text": "remove an alarm",
        "userDefined": false
      }
    ],
    "isTemplate": false,
    "count": 0,
    "updated": 0
  },
  {
    "id": "50eac993-68ab-4902-a77d-6ebd6bd69b7e",
    "data": [
      {
        "text": "delete the list of ",
        "userDefined": false
      },
      {
        "text": "all",
        "alias": "all",
        "meta": "@all",
        "userDefined": true
      },
      {
        "text": " my alarms",
        "userDefined": false
      }
    ],
    "isTemplate": false,
    "count": 0,
    "updated": 0
  },
  {
    "id": "410c2777-37ac-442e-8ee6-f09aaaa4ecb7",
    "data": [
      {
        "text": "don\u0027t wake me up on ",
        "userDefined": false
      },
      {
        "text": "Mondays",
        "alias": "recurrence",
        "meta": "@recurrence",
        "userDefined": true
      }
    ],
    "isTemplate": false,
    "count": 0,
    "updated": 0
  },
  {
    "id": "4b728f10-2afb-4f98-bbd6-812711a32906",
    "data": [
      {
        "text": "turn off alarms",
        "userDefined": false
      }
    ],
    "isTemplate": false,
    "count": 0,
    "updated": 0
  },
  {
    "id": "429dc662-4e58-4ad6-83bc-595fe600142f",
    "data": [
      {
        "text": "I\u0027d like to remove my alarms",
        "userDefined": false
      }
    ],
    "isTemplate": false,
    "count": 0,
    "updated": 0
  },
  {
    "id": "8afd6bc0-8a32-4fd6-9a24-409a4f27a80d",
    "data": [
      {
        "text": "don\u0027t wake me up at ",
        "userDefined": false
      },
      {
        "text": "5 am next Monday",
        "alias": "date-time",
        "meta": "@sys.date-time",
        "userDefined": true
      }
    ],
    "isTemplate": false,
    "count": 0,
    "updated": 0
  },
  {
    "id": "89197be0-416c-437c-a65e-8a5a4f4568d3",
    "data": [
      {
        "text": "cancel ",
        "userDefined": false
      },
      {
        "text": "tomorrow\u0027s 8 pm",
        "alias": "date-time",
        "meta": "@sys.date-time",
        "userDefined": true
      },
      {
        "text": " alarm",
        "userDefined": false
      }
    ],
    "isTemplate": false,
    "count": 0,
    "updated": 0
  },
  {
    "id": "686ce90d-d1af-461a-902e-4202162ce575",
    "data": [
      {
        "text": "remove my alarms for ",
        "userDefined": false
      },
      {
        "text": "tomorrow morning",
        "alias": "date-time",
        "meta": "@sys.date-time",
        "userDefined": true
      }
    ],
    "isTemplate": false,
    "count": 0,
    "updated": 0
  },
  {
    "id": "a596661e-df0a-4c49-8ff0-9409faa8d774",
    "data": [
      {
        "text": "turn off ",
        "userDefined": false
      },
      {
        "text": "all",
        "alias": "all",
        "meta": "@all",
        "userDefined": true
      },
      {
        "text": " my alarms",
        "userDefined": false
      }
    ],
    "isTemplate": false,
    "count": 0,
    "updated": 0
  },
  {
    "id": "cbc82196-d2c5-49d7-b121-909cfc8c14b6",
    "data": [
      {
        "text": "can you remove my ",
        "userDefined": false
      },
      {
        "text": "6 am",
        "alias": "date-time",
        "meta": "@sys.date-time",
        "userDefined": true
      },
      {
        "text": " alarm please",
        "userDefined": false
      }
    ],
    "isTemplate": false,
    "count": 0,
    "updated": 0
  },
  {
    "id": "45202165-030e-4cbc-b7e6-f18bd0aaa713",
    "data": [
      {
        "text": "turn off my ",
        "userDefined": false
      },
      {
        "text": "weekly",
        "alias": "recurrence",
        "meta": "@recurrence",
        "userDefined": true
      },
      {
        "text": " alarm",
        "userDefined": false
      }
    ],
    "isTemplate": false,
    "count": 0,
    "updated": 0
  },
  {
    "id": "d47e8756-5f13-4ee6-ae10-8055fbb5b9f8",
    "data": [
      {
        "text": "switch off my alarms for ",
        "userDefined": false
      },
      {
        "text": "tomorrow",
        "alias": "date-time",
        "meta": "@sys.date-time",
        "userDefined": true
      }
    ],
    "isTemplate": false,
    "count": 0,
    "updated": 0
  }
]