[
  {
    "id": "1a69a3ac-7302-4554-a839-7bc30f43a955",
    "data": [
      {
        "text": "could you tell me about yourself",
        "userDefined": false
      }
    ],
    "isTemplate": false,
    "count": 0,
    "updated": 0
  },
  {
    "id": "3949a885-3b7f-4d43-8e06-2d55996c19c4",
    "data": [
      {
        "text": "can you tell me a little about yourself",
        "userDefined": false
      }
    ],
    "isTemplate": false,
    "count": 0,
    "updated": 0
  },
  {
    "id": "0938025e-11ca-4ea5-af87-e77a2fcabd32",
    "data": [
      {
        "text": "let\u0027s talk about you",
        "userDefined": false
      }
    ],
    "isTemplate": false,
    "count": 0,
    "updated": 0
  },
  {
    "id": "f6cc6bd5-48ad-436d-a9da-295466129453",
    "data": [
      {
        "text": "talk about yourself please",
        "userDefined": false
      }
    ],
    "isTemplate": false,
    "count": 0,
    "updated": 0
  },
  {
    "id": "2d873b41-81e2-4857-98b7-4e4a00c102e9",
    "data": [
      {
        "text": "tell me about yourself",
        "userDefined": false
      }
    ],
    "isTemplate": false,
    "count": 0,
    "updated": 0
  }
]