[
  {
    "id": "741ff181-43ca-457d-8233-a03eca1a885a",
    "data": [
      {
        "text": "talk about your hobbies please",
        "userDefined": false
      }
    ],
    "isTemplate": false,
    "count": 1,
    "updated": 0
  },
  {
    "id": "7210c6b9-8b51-4494-857f-2d12e25b7fea",
    "data": [
      {
        "text": "how about your free time?",
        "userDefined": false
      }
    ],
    "isTemplate": false,
    "count": 0,
    "updated": 0
  },
  {
    "id": "2600d479-1387-4102-b295-69a98bc81abe",
    "data": [
      {
        "text": "what are your hobbies",
        "userDefined": false
      }
    ],
    "isTemplate": false,
    "count": 0,
    "updated": 0
  },
  {
    "id": "fc688c3b-0815-4ac8-b269-7829949d7e37",
    "data": [
      {
        "text": "what do you do in your free time",
        "userDefined": false
      }
    ],
    "isTemplate": false,
    "count": 0,
    "updated": 0
  },
  {
    "id": "12c0dc8f-3aaf-4338-9181-3a011e5a0d1e",
    "data": [
      {
        "text": "do you have a hobby",
        "userDefined": false
      }
    ],
    "isTemplate": false,
    "count": 0,
    "updated": 0
  },
  {
    "id": "65fb51b1-3998-4cac-be9e-568f3d1fca9c",
    "data": [
      {
        "text": "tell me about your hobbies",
        "userDefined": false
      }
    ],
    "isTemplate": false,
    "count": 0,
    "updated": 0
  }
]