[
  {
    "id": "f909ebf6-6d47-4205-8311-dda6b988cf85",
    "data": [
      {
        "text": "do you have a portfolio",
        "userDefined": false
      }
    ],
    "isTemplate": false,
    "count": 0,
    "updated": 0
  },
  {
    "id": "b1d6dfe7-487a-40c4-bbc5-c1d5ce8fde2a",
    "data": [
      {
        "text": "may I see your portfolio",
        "userDefined": false
      }
    ],
    "isTemplate": false,
    "count": 0,
    "updated": 0
  },
  {
    "id": "48ea0033-8a2f-463b-b2ae-6b56166a67c8",
    "data": [
      {
        "text": "show me your portfolio",
        "userDefined": false
      }
    ],
    "isTemplate": false,
    "count": 0,
    "updated": 0
  },
  {
    "id": "a6a48224-b743-4c50-90e6-683e55a0759a",
    "data": [
      {
        "text": "could you show me your latest works",
        "userDefined": false
      }
    ],
    "isTemplate": false,
    "count": 0,
    "updated": 0
  },
  {
    "id": "0c138fac-fdee-40e2-8220-53f8bb807523",
    "data": [
      {
        "text": "I\u0027d like to take a look at your portfolio",
        "userDefined": false
      }
    ],
    "isTemplate": false,
    "count": 0,
    "updated": 0
  }
]