[
  {
    "id": "64fc98cb-a467-4df0-94b0-307ff1fc19ac",
    "data": [
      {
        "text": "I\u0027d like to take a look at your resume",
        "userDefined": false
      }
    ],
    "isTemplate": false,
    "count": 0,
    "updated": 0
  },
  {
    "id": "3b591012-6690-46d8-b43a-ea5101654ba0",
    "data": [
      {
        "text": "show me your resume",
        "userDefined": false
      }
    ],
    "isTemplate": false,
    "count": 1,
    "updated": 0
  },
  {
    "id": "b82d59ca-5715-4f0b-9e84-fef39ed09a56",
    "data": [
      {
        "text": "could you show me your resume",
        "userDefined": false
      }
    ],
    "isTemplate": false,
    "count": 0,
    "updated": 0
  },
  {
    "id": "cf373f16-5c79-46bb-8f11-8ab05c26fd3c",
    "data": [
      {
        "text": "may I take a look at your resume",
        "userDefined": false
      }
    ],
    "isTemplate": false,
    "count": 0,
    "updated": 0
  },
  {
    "id": "417da6a6-31c5-4ea3-97dc-9e87994efa54",
    "data": [
      {
        "text": "do you have a resume",
        "userDefined": false
      }
    ],
    "isTemplate": false,
    "count": 0,
    "updated": 0
  }
]