[
  {
    "id": "72600fb9-5ccc-43c8-afd2-54d6065f472f",
    "data": [
      {
        "text": "could you tell me about your biggest weakness",
        "userDefined": false
      }
    ],
    "isTemplate": false,
    "count": 0,
    "updated": 0
  },
  {
    "id": "43954180-471d-46bc-8c19-f317733fbcd5",
    "data": [
      {
        "text": "what is your biggest weakness",
        "userDefined": false
      }
    ],
    "isTemplate": false,
    "count": 0,
    "updated": 0
  },
  {
    "id": "3c2bbe9f-ba50-49c1-9ecd-a7d124f37df7",
    "data": [
      {
        "text": "tell me about your weaknesses",
        "userDefined": false
      }
    ],
    "isTemplate": false,
    "count": 0,
    "updated": 0
  },
  {
    "id": "642e6c77-79b2-45f1-abfa-fc8127e45340",
    "data": [
      {
        "text": "do you have weak points",
        "userDefined": false
      }
    ],
    "isTemplate": false,
    "count": 0,
    "updated": 0
  },
  {
    "id": "3ec9f510-ea00-4f32-9cbd-46a01c2d6714",
    "data": [
      {
        "text": "what are your weaknesses",
        "userDefined": false
      }
    ],
    "isTemplate": false,
    "count": 0,
    "updated": 0
  }
]