[
  {
    "id": "46ed5617-1f78-4469-b3a0-b0286eca401d",
    "data": [
      {
        "text": "tell me the current ",
        "userDefined": false
      },
      {
        "text": "year",
        "meta": "@sys.ignore",
        "userDefined": true
      }
    ],
    "isTemplate": false,
    "count": 0,
    "updated": 0
  },
  {
    "id": "d8fac6bc-d529-4fdc-aa71-0b5053b26fb9",
    "data": [
      {
        "text": "I want ",
        "userDefined": false
      },
      {
        "text": "to",
        "meta": "@sys.ignore",
        "userDefined": false
      },
      {
        "text": " know ",
        "userDefined": false
      },
      {
        "text": "the",
        "meta": "@sys.ignore",
        "userDefined": false
      },
      {
        "text": " ",
        "userDefined": false
      },
      {
        "text": "current year",
        "meta": "@sys.ignore",
        "userDefined": false
      }
    ],
    "isTemplate": false,
    "count": 0,
    "updated": 0
  },
  {
    "id": "4be43bb8-e02d-4a2c-9942-ecefebd91249",
    "data": [
      {
        "text": "what year is it",
        "userDefined": false
      }
    ],
    "isTemplate": false,
    "count": 0,
    "updated": 0
  },
  {
    "id": "6031aa2c-7cfc-4279-9714-e3bea07f0cbb",
    "data": [
      {
        "text": "what ",
        "userDefined": false
      },
      {
        "text": "year",
        "meta": "@sys.ignore",
        "userDefined": true
      },
      {
        "text": " are we in now",
        "userDefined": false
      }
    ],
    "isTemplate": false,
    "count": 0,
    "updated": 0
  },
  {
    "id": "486aa42f-484f-4fa6-a920-048d9ebe9281",
    "data": [
      {
        "text": "year now",
        "userDefined": false
      }
    ],
    "isTemplate": false,
    "count": 1,
    "updated": 0
  },
  {
    "id": "9ba05b89-c781-4fc4-9ea9-18e7906b89f9",
    "data": [
      {
        "text": "what is the current ",
        "userDefined": false
      },
      {
        "text": "year",
        "meta": "@sys.ignore",
        "userDefined": true
      }
    ],
    "isTemplate": false,
    "count": 0,
    "updated": 0
  },
  {
    "id": "63d2947e-f40d-44b9-a482-d671d7e498f7",
    "data": [
      {
        "text": "I wonder which ",
        "userDefined": false
      },
      {
        "text": "year",
        "meta": "@sys.ignore",
        "userDefined": false
      },
      {
        "text": " we ",
        "userDefined": false
      },
      {
        "text": "are in",
        "meta": "@sys.ignore",
        "userDefined": false
      }
    ],
    "isTemplate": false,
    "count": 0,
    "updated": 0
  },
  {
    "id": "a9d2da19-57bf-4418-9490-5f40f0c3cbb1",
    "data": [
      {
        "text": "current year",
        "meta": "@sys.ignore",
        "userDefined": false
      }
    ],
    "isTemplate": false,
    "count": 0,
    "updated": 0
  }
]