[
  {
    "id": "f60e6b5b-6ee5-4f9f-ab1e-e51b9c6d0f40",
    "data": [
      {
        "text": "is ",
        "userDefined": false
      },
      {
        "text": "Columbus Day",
        "alias": "holiday",
        "meta": "@holiday",
        "userDefined": true
      },
      {
        "text": " ",
        "userDefined": false
      },
      {
        "text": "tomorrow",
        "alias": "date",
        "meta": "@sys.date",
        "userDefined": true
      }
    ],
    "isTemplate": false,
    "count": 0,
    "updated": 0
  },
  {
    "id": "39f112f8-cc23-454f-a097-86aba0bd6596",
    "data": [
      {
        "text": "tell me if ",
        "userDefined": false
      },
      {
        "text": "December 24",
        "alias": "date",
        "meta": "@sys.date",
        "userDefined": true
      },
      {
        "text": " is ",
        "userDefined": false
      },
      {
        "text": "Christmas",
        "alias": "holiday",
        "meta": "@holiday",
        "userDefined": true
      }
    ],
    "isTemplate": false,
    "count": 0,
    "updated": 0
  },
  {
    "id": "c1beebaa-b627-4564-86b0-f4bd6bfc08ca",
    "data": [
      {
        "text": "could you tell me if ",
        "userDefined": false
      },
      {
        "text": "Christmas",
        "alias": "holiday",
        "meta": "@holiday",
        "userDefined": true
      },
      {
        "text": " is on ",
        "userDefined": false
      },
      {
        "text": "December 25",
        "alias": "date",
        "meta": "@sys.date",
        "userDefined": true
      }
    ],
    "isTemplate": false,
    "count": 0,
    "updated": 0
  },
  {
    "id": "9cf5de6e-981b-42b5-b450-354b16320545",
    "data": [
      {
        "text": "check if ",
        "userDefined": false
      },
      {
        "text": "Halloween",
        "alias": "holiday",
        "meta": "@holiday",
        "userDefined": true
      },
      {
        "text": " is on ",
        "userDefined": false
      },
      {
        "text": "November 30",
        "alias": "date",
        "meta": "@sys.date",
        "userDefined": true
      },
      {
        "text": " this year",
        "userDefined": false
      }
    ],
    "isTemplate": false,
    "count": 0,
    "updated": 0
  },
  {
    "id": "29b3750a-39ed-4a4e-aef3-19934162364f",
    "data": [
      {
        "text": "Mother\u0027s day",
        "alias": "holiday",
        "meta": "@holiday",
        "userDefined": true
      },
      {
        "text": " is on ",
        "userDefined": false
      },
      {
        "text": "March 10",
        "alias": "date",
        "meta": "@sys.date",
        "userDefined": true
      },
      {
        "text": " right",
        "userDefined": false
      }
    ],
    "isTemplate": false,
    "count": 0,
    "updated": 0
  },
  {
    "id": "89eaf46b-bb33-41ef-a549-32a5acda15d7",
    "data": [
      {
        "text": "is ",
        "userDefined": false
      },
      {
        "text": "Thanksgiving",
        "alias": "holiday",
        "meta": "@holiday",
        "userDefined": false
      },
      {
        "text": " on ",
        "userDefined": false
      },
      {
        "text": "November 24",
        "alias": "date",
        "meta": "@sys.date",
        "userDefined": false
      }
    ],
    "isTemplate": false,
    "count": 0,
    "updated": 0
  },
  {
    "id": "04729e5b-bf5b-4288-9ebb-59802521f5a9",
    "data": [
      {
        "text": "is ",
        "userDefined": false
      },
      {
        "text": "it",
        "meta": "@sys.ignore",
        "userDefined": false
      },
      {
        "text": " ",
        "userDefined": false
      },
      {
        "text": "Christmas",
        "alias": "holiday",
        "meta": "@holiday",
        "userDefined": false
      },
      {
        "text": " ",
        "userDefined": false
      },
      {
        "text": "today",
        "alias": "date",
        "meta": "@sys.date",
        "userDefined": false
      }
    ],
    "isTemplate": false,
    "count": 0,
    "updated": 0
  },
  {
    "id": "93a768c1-9a88-4a63-ba3f-9da6ccecff66",
    "data": [
      {
        "text": "is ",
        "userDefined": false
      },
      {
        "text": "New Year",
        "alias": "holiday",
        "meta": "@holiday",
        "userDefined": false
      },
      {
        "text": " celebrated on the ",
        "userDefined": false
      },
      {
        "text": "1st of January",
        "alias": "date",
        "meta": "@sys.date",
        "userDefined": false
      }
    ],
    "isTemplate": false,
    "count": 0,
    "updated": 0
  }
]