[
  {
    "id": "cea87974-a7ad-4f2e-911f-d550d7894084",
    "data": [
      {
        "text": "tell me if it\u0027s the year ",
        "userDefined": false
      },
      {
        "text": "2018",
        "alias": "date-period",
        "meta": "@sys.date-period",
        "userDefined": true
      }
    ],
    "isTemplate": false,
    "count": 0,
    "updated": 0
  },
  {
    "id": "18e72ae7-e720-4b64-b2b5-488e13da2185",
    "data": [
      {
        "text": "it\u0027s ",
        "userDefined": false
      },
      {
        "text": "2019",
        "alias": "date-period",
        "meta": "@sys.date-period",
        "userDefined": true
      },
      {
        "text": " isn\u0027t it",
        "userDefined": false
      }
    ],
    "isTemplate": false,
    "count": 0,
    "updated": 0
  },
  {
    "id": "0101dc1b-45f9-4817-9416-116613b19a01",
    "data": [
      {
        "text": "check if ",
        "userDefined": false
      },
      {
        "text": "it",
        "meta": "@sys.ignore",
        "userDefined": true
      },
      {
        "text": "\u0027s ",
        "userDefined": false
      },
      {
        "text": "2016",
        "alias": "date-period",
        "meta": "@sys.date-period",
        "userDefined": true
      }
    ],
    "isTemplate": false,
    "count": 0,
    "updated": 0
  },
  {
    "id": "09ea6ae0-9dc8-4e92-925d-bbe6c8163be6",
    "data": [
      {
        "text": "is ",
        "userDefined": false
      },
      {
        "text": "it",
        "meta": "@sys.ignore",
        "userDefined": true
      },
      {
        "text": " ",
        "userDefined": false
      },
      {
        "text": "2015",
        "alias": "date-period",
        "meta": "@sys.date-period",
        "userDefined": true
      }
    ],
    "isTemplate": false,
    "count": 0,
    "updated": 0
  },
  {
    "id": "0fde6839-d8f8-4981-86fe-89599de1dd56",
    "data": [
      {
        "text": "are we in",
        "meta": "@sys.ignore",
        "userDefined": true
      },
      {
        "text": " ",
        "userDefined": false
      },
      {
        "text": "2017",
        "alias": "date-period",
        "meta": "@sys.date-period",
        "userDefined": true
      }
    ],
    "isTemplate": false,
    "count": 0,
    "updated": 0
  },
  {
    "id": "dbb17a5f-006f-480c-b3f3-e4d10866a6b0",
    "data": [
      {
        "text": "now it\u0027s ",
        "userDefined": false
      },
      {
        "text": "1989",
        "alias": "date-period",
        "meta": "@sys.date-period",
        "userDefined": true
      },
      {
        "text": " right",
        "userDefined": false
      }
    ],
    "isTemplate": false,
    "count": 0,
    "updated": 0
  }
]