[
  {
    "id": "ac63228a-60b8-4e85-8dd4-431e08117b85",
    "data": [
      {
        "text": "what will be the date ",
        "userDefined": false
      },
      {
        "text": "30 days from now",
        "alias": "date",
        "meta": "@sys.date",
        "userDefined": true
      }
    ],
    "isTemplate": false,
    "count": 0,
    "updated": 0
  },
  {
    "id": "b32d3214-70d2-4268-83f2-9068f9abe821",
    "data": [
      {
        "text": "what date is the ",
        "userDefined": false
      },
      {
        "text": "next Friday",
        "alias": "date",
        "meta": "@sys.date",
        "userDefined": true
      }
    ],
    "isTemplate": false,
    "count": 0,
    "updated": 0
  },
  {
    "id": "62286028-d984-459c-a95c-27df17754d63",
    "data": [
      {
        "text": "today\u0027s",
        "alias": "date",
        "meta": "@sys.date",
        "userDefined": true
      },
      {
        "text": " date",
        "userDefined": false
      }
    ],
    "isTemplate": false,
    "count": 0,
    "updated": 0
  },
  {
    "id": "320b05d6-b5ea-4af0-8df8-a040d03381d8",
    "data": [
      {
        "text": "what is the date",
        "userDefined": false
      }
    ],
    "isTemplate": false,
    "count": 0,
    "updated": 0
  },
  {
    "id": "85b7d411-1315-4f60-a992-520139be499a",
    "data": [
      {
        "text": "show me the date",
        "userDefined": false
      }
    ],
    "isTemplate": false,
    "count": 0,
    "updated": 0
  },
  {
    "id": "2807e5eb-cba8-4053-9600-310a7304d00e",
    "data": [
      {
        "text": "what ",
        "userDefined": false
      },
      {
        "text": "day",
        "meta": "@sys.ignore",
        "userDefined": false
      },
      {
        "text": " is it",
        "userDefined": false
      }
    ],
    "isTemplate": false,
    "count": 0,
    "updated": 0
  },
  {
    "id": "65517e04-bba5-458a-ba7a-c0ad55fa8722",
    "data": [
      {
        "text": "do you know what ",
        "userDefined": false
      },
      {
        "text": "day",
        "meta": "@sys.ignore",
        "userDefined": false
      },
      {
        "text": " it is",
        "userDefined": false
      }
    ],
    "isTemplate": false,
    "count": 1,
    "updated": 0
  },
  {
    "id": "35c311ce-0ac4-44d6-8747-4e509d44c0ee",
    "data": [
      {
        "text": "what date is ",
        "userDefined": false
      },
      {
        "text": "today",
        "alias": "date",
        "meta": "@sys.date",
        "userDefined": false
      }
    ],
    "isTemplate": false,
    "count": 0,
    "updated": 0
  },
  {
    "id": "2a1da073-a9f8-424a-ba34-0d7f9f84c542",
    "data": [
      {
        "text": "what is the current date",
        "userDefined": false
      }
    ],
    "isTemplate": false,
    "count": 0,
    "updated": 0
  },
  {
    "id": "22b73207-a576-4582-a85b-1f6a1fd742da",
    "data": [
      {
        "text": "what is the day ",
        "userDefined": false
      },
      {
        "text": "after tomorrow",
        "alias": "date",
        "meta": "@sys.date",
        "userDefined": true
      }
    ],
    "isTemplate": false,
    "count": 0,
    "updated": 0
  },
  {
    "id": "73ea0d75-5295-4c38-81fc-e5f006da75da",
    "data": [
      {
        "text": "current date",
        "userDefined": false
      }
    ],
    "isTemplate": false,
    "count": 0,
    "updated": 0
  },
  {
    "id": "54b74de1-c24f-401a-995a-f3f458a98fb0",
    "data": [
      {
        "text": "what date is it on ",
        "userDefined": false
      },
      {
        "text": "Thursday",
        "alias": "date",
        "meta": "@sys.date",
        "userDefined": true
      }
    ],
    "isTemplate": false,
    "count": 0,
    "updated": 0
  },
  {
    "id": "2eb8c8dd-a91c-4871-bdba-768bd53af06a",
    "data": [
      {
        "text": "the date",
        "userDefined": false
      }
    ],
    "isTemplate": false,
    "count": 0,
    "updated": 0
  },
  {
    "id": "8bc4d04d-1f91-4786-b9cc-bde0b57369d3",
    "data": [
      {
        "text": "tell me the date ",
        "userDefined": false
      },
      {
        "text": "19 weeks from today",
        "alias": "date",
        "meta": "@sys.date",
        "userDefined": true
      }
    ],
    "isTemplate": false,
    "count": 0,
    "updated": 0
  },
  {
    "id": "3c4e223d-3cb1-427f-8915-b01fbe43a4f2",
    "data": [
      {
        "text": "what day was ",
        "userDefined": false
      },
      {
        "text": "yesterday",
        "alias": "date",
        "meta": "@sys.date",
        "userDefined": true
      }
    ],
    "isTemplate": false,
    "count": 0,
    "updated": 0
  },
  {
    "id": "1786f388-c451-43b8-97c2-5a28b54cdf8a",
    "data": [
      {
        "text": "what\u0027s the date ",
        "userDefined": false
      },
      {
        "text": "today",
        "alias": "date",
        "meta": "@sys.date",
        "userDefined": false
      }
    ],
    "isTemplate": false,
    "count": 1,
    "updated": 0
  },
  {
    "id": "f41174ec-b814-465d-a27f-4425675029c0",
    "data": [
      {
        "text": "can you tell me the date",
        "userDefined": false
      }
    ],
    "isTemplate": false,
    "count": 0,
    "updated": 0
  },
  {
    "id": "d9e4badd-59a4-4626-955f-b2c1fd6c5145",
    "data": [
      {
        "text": "tomorrow\u0027s",
        "alias": "date",
        "meta": "@sys.date",
        "userDefined": false
      },
      {
        "text": " date",
        "userDefined": false
      }
    ],
    "isTemplate": false,
    "count": 0,
    "updated": 0
  },
  {
    "id": "88e4409c-df52-4fec-b6f9-a977b29bd2bb",
    "data": [
      {
        "text": "date now",
        "userDefined": false
      }
    ],
    "isTemplate": false,
    "count": 0,
    "updated": 0
  },
  {
    "id": "90b2efe5-1b18-4cf7-afba-d30355d86af1",
    "data": [
      {
        "text": "date ",
        "userDefined": false
      },
      {
        "text": "today",
        "alias": "date",
        "meta": "@sys.date",
        "userDefined": false
      }
    ],
    "isTemplate": false,
    "count": 0,
    "updated": 0
  },
  {
    "id": "91711443-f5d9-4bfe-8cda-187537e05387",
    "data": [
      {
        "text": "what date is ",
        "userDefined": false
      },
      {
        "text": "tomorrow",
        "alias": "date",
        "meta": "@sys.date",
        "userDefined": true
      }
    ],
    "isTemplate": false,
    "count": 0,
    "updated": 0
  }
]