[
  {
    "id": "e701959c-47a6-4ba0-824d-2238ff49a2f3",
    "data": [
      {
        "text": "is ",
        "userDefined": false
      },
      {
        "text": "it",
        "meta": "@sys.ignore",
        "userDefined": true
      },
      {
        "text": " ",
        "userDefined": false
      },
      {
        "text": "Monday",
        "alias": "dayofweek",
        "meta": "@dayofweek",
        "userDefined": true
      }
    ],
    "isTemplate": false,
    "count": 0,
    "updated": 0
  },
  {
    "id": "5ac04b92-6c68-49bd-854c-e61c9b3e94f4",
    "data": [
      {
        "text": "is the ",
        "userDefined": false
      },
      {
        "text": "24 of July",
        "alias": "date",
        "meta": "@sys.date",
        "userDefined": true
      },
      {
        "text": " a ",
        "userDefined": false
      },
      {
        "text": "Wednesday",
        "alias": "dayofweek",
        "meta": "@dayofweek",
        "userDefined": true
      }
    ],
    "isTemplate": false,
    "count": 0,
    "updated": 0
  },
  {
    "id": "9e24a417-813d-4455-aed3-e1a90202c097",
    "data": [
      {
        "text": "is ",
        "userDefined": false
      },
      {
        "text": "it",
        "meta": "@sys.ignore",
        "userDefined": false
      },
      {
        "text": " ",
        "userDefined": false
      },
      {
        "text": "Friday",
        "alias": "dayofweek",
        "meta": "@dayofweek",
        "userDefined": false
      },
      {
        "text": " ",
        "userDefined": false
      },
      {
        "text": "tomorrow",
        "alias": "date",
        "meta": "@sys.date",
        "userDefined": false
      },
      {
        "text": " in ",
        "userDefined": false
      },
      {
        "text": "Moscow",
        "alias": "location",
        "meta": "@sys.location",
        "userDefined": false
      }
    ],
    "isTemplate": false,
    "count": 0,
    "updated": 0
  },
  {
    "id": "274e4192-b244-48e4-8d25-c685974137bb",
    "data": [
      {
        "text": "tell me if ",
        "userDefined": false
      },
      {
        "text": "today",
        "alias": "date",
        "meta": "@sys.date",
        "userDefined": true
      },
      {
        "text": " is ",
        "userDefined": false
      },
      {
        "text": "Monday",
        "alias": "dayofweek",
        "meta": "@dayofweek",
        "userDefined": true
      },
      {
        "text": " in ",
        "userDefined": false
      },
      {
        "text": "Paris",
        "alias": "location",
        "meta": "@sys.location",
        "userDefined": true
      }
    ],
    "isTemplate": false,
    "count": 0,
    "updated": 0
  },
  {
    "id": "457f1a25-fe0a-41dd-91cf-762208bd3e51",
    "data": [
      {
        "text": "is ",
        "userDefined": false
      },
      {
        "text": "March 24",
        "alias": "date",
        "meta": "@sys.date",
        "userDefined": true
      },
      {
        "text": " a ",
        "userDefined": false
      },
      {
        "text": "Friday",
        "alias": "dayofweek",
        "meta": "@dayofweek",
        "userDefined": true
      }
    ],
    "isTemplate": false,
    "count": 0,
    "updated": 0
  },
  {
    "id": "59310f41-2920-4d4d-abda-6358775d952e",
    "data": [
      {
        "text": "tomorrow",
        "alias": "date",
        "meta": "@sys.date",
        "userDefined": true
      },
      {
        "text": " is ",
        "userDefined": false
      },
      {
        "text": "Friday",
        "alias": "dayofweek",
        "meta": "@dayofweek",
        "userDefined": true
      },
      {
        "text": " isn\u0027t it",
        "userDefined": false
      }
    ],
    "isTemplate": false,
    "count": 0,
    "updated": 0
  },
  {
    "id": "32afff13-088c-499c-aecd-f66eb83c830e",
    "data": [
      {
        "text": "is it ",
        "userDefined": false
      },
      {
        "text": "Friday",
        "alias": "dayofweek",
        "meta": "@dayofweek",
        "userDefined": false
      },
      {
        "text": " ",
        "userDefined": false
      },
      {
        "text": "tomorrow",
        "alias": "date",
        "meta": "@sys.date",
        "userDefined": false
      }
    ],
    "isTemplate": false,
    "count": 0,
    "updated": 0
  },
  {
    "id": "e3773690-5084-47d7-ab01-c4612c295e5e",
    "data": [
      {
        "text": "check if the ",
        "userDefined": false
      },
      {
        "text": "13th of November",
        "alias": "date",
        "meta": "@sys.date",
        "userDefined": true
      },
      {
        "text": " is a Wednesday",
        "userDefined": false
      }
    ],
    "isTemplate": false,
    "count": 0,
    "updated": 0
  },
  {
    "id": "37f201e6-bbc5-4fb7-b5ab-f1d6f14be733",
    "data": [
      {
        "text": "is ",
        "userDefined": false
      },
      {
        "text": "today",
        "alias": "date",
        "meta": "@sys.date",
        "userDefined": false
      },
      {
        "text": "  ",
        "userDefined": false
      },
      {
        "text": "Thursday",
        "alias": "dayofweek",
        "meta": "@dayofweek",
        "userDefined": false
      }
    ],
    "isTemplate": false,
    "count": 0,
    "updated": 0
  }
]