[
  {
    "id": "715856db-ebe1-4c4f-9c75-e80aa2f4ede8",
    "data": [
      {
        "text": "calculate how ",
        "userDefined": false
      },
      {
        "text": "many",
        "meta": "@sys.ignore",
        "userDefined": true
      },
      {
        "text": " ",
        "userDefined": false
      },
      {
        "text": "weeks",
        "alias": "unit",
        "meta": "@unit-time",
        "userDefined": true
      },
      {
        "text": " it\u0027s been since ",
        "userDefined": false
      },
      {
        "text": "last Friday",
        "alias": "date",
        "meta": "@sys.date",
        "userDefined": true
      }
    ],
    "isTemplate": false,
    "count": 0,
    "updated": 0
  },
  {
    "id": "f1679d1a-bbc7-45a5-8081-0ba53317430e",
    "data": [
      {
        "text": "check how ",
        "userDefined": false
      },
      {
        "text": "many",
        "meta": "@sys.ignore",
        "userDefined": true
      },
      {
        "text": " ",
        "userDefined": false
      },
      {
        "text": "seconds",
        "alias": "unit",
        "meta": "@unit-time",
        "userDefined": true
      },
      {
        "text": " it\u0027s been since ",
        "userDefined": false
      },
      {
        "text": "yesterday",
        "alias": "date",
        "meta": "@sys.date",
        "userDefined": true
      }
    ],
    "isTemplate": false,
    "count": 0,
    "updated": 0
  },
  {
    "id": "6f0cf029-158b-41a2-8532-0663fb7c803f",
    "data": [
      {
        "text": "count the number of ",
        "userDefined": false
      },
      {
        "text": "months",
        "alias": "unit",
        "meta": "@unit-time",
        "userDefined": true
      },
      {
        "text": " it\u0027s been since ",
        "userDefined": false
      },
      {
        "text": "2015",
        "alias": "date",
        "meta": "@sys.date",
        "userDefined": true
      }
    ],
    "isTemplate": false,
    "count": 0,
    "updated": 0
  },
  {
    "id": "73b31d4b-9319-407c-a14b-9d86ca75499e",
    "data": [
      {
        "text": "how do I know how many ",
        "userDefined": false
      },
      {
        "text": "minutes",
        "alias": "unit",
        "meta": "@unit-time",
        "userDefined": true
      },
      {
        "text": " passed since the ",
        "userDefined": false
      },
      {
        "text": "year 2013",
        "alias": "date",
        "meta": "@sys.date",
        "userDefined": true
      }
    ],
    "isTemplate": false,
    "count": 0,
    "updated": 0
  },
  {
    "id": "4d43a1ae-b9c2-4578-b58e-37a791bb3ec4",
    "data": [
      {
        "text": "how ",
        "userDefined": false
      },
      {
        "text": "many",
        "meta": "@sys.ignore",
        "userDefined": true
      },
      {
        "text": " ",
        "userDefined": false
      },
      {
        "text": "days",
        "alias": "unit",
        "meta": "@unit-time",
        "userDefined": true
      },
      {
        "text": " have passed since ",
        "userDefined": false
      },
      {
        "text": "September 7",
        "alias": "date",
        "meta": "@sys.date",
        "userDefined": true
      }
    ],
    "isTemplate": false,
    "count": 0,
    "updated": 0
  },
  {
    "id": "1fd8561c-54b8-4873-b370-a25555967bc3",
    "data": [
      {
        "text": "how ",
        "userDefined": false
      },
      {
        "text": "many",
        "meta": "@sys.ignore",
        "userDefined": true
      },
      {
        "text": " ",
        "userDefined": false
      },
      {
        "text": "months",
        "alias": "unit",
        "meta": "@unit-time",
        "userDefined": true
      },
      {
        "text": " have passed since ",
        "userDefined": false
      },
      {
        "text": "April 1st 2014",
        "alias": "date",
        "meta": "@sys.date",
        "userDefined": true
      }
    ],
    "isTemplate": false,
    "count": 0,
    "updated": 0
  },
  {
    "id": "09a6a67b-0b46-46ba-9e40-ce6b5b4f3027",
    "data": [
      {
        "text": "tell",
        "meta": "@sys.ignore",
        "userDefined": true
      },
      {
        "text": " ",
        "userDefined": false
      },
      {
        "text": "me",
        "meta": "@sys.ignore",
        "userDefined": true
      },
      {
        "text": " how ",
        "userDefined": false
      },
      {
        "text": "many",
        "meta": "@sys.ignore",
        "userDefined": true
      },
      {
        "text": " ",
        "userDefined": false
      },
      {
        "text": "hours",
        "alias": "unit",
        "meta": "@unit-time",
        "userDefined": true
      },
      {
        "text": " have passed since ",
        "userDefined": false
      },
      {
        "text": "June 11th",
        "alias": "date",
        "meta": "@sys.date",
        "userDefined": true
      }
    ],
    "isTemplate": false,
    "count": 0,
    "updated": 0
  }
]