[
  {
    "id": "2658da9c-d4bc-4b74-b12b-b2690583a288",
    "data": [
      {
        "text": "number of ",
        "userDefined": false
      },
      {
        "text": "days",
        "alias": "unit",
        "meta": "@unit-time",
        "userDefined": true
      },
      {
        "text": " since ",
        "userDefined": false
      },
      {
        "text": "Christmas",
        "alias": "holiday",
        "meta": "@holiday",
        "userDefined": true
      }
    ],
    "isTemplate": false,
    "count": 0,
    "updated": 0
  },
  {
    "id": "fced6ecd-e3ea-4844-8ae9-37e2c3a21679",
    "data": [
      {
        "text": "tell me how many ",
        "userDefined": false
      },
      {
        "text": "months",
        "alias": "unit",
        "meta": "@unit-time",
        "userDefined": true
      },
      {
        "text": " after ",
        "userDefined": false
      },
      {
        "text": "St Patrick\u0027s Day",
        "alias": "holiday",
        "meta": "@holiday",
        "userDefined": true
      }
    ],
    "isTemplate": false,
    "count": 0,
    "updated": 0
  },
  {
    "id": "413252d5-3895-4fe2-8e1d-57586c0b1e7f",
    "data": [
      {
        "text": "how many ",
        "userDefined": false
      },
      {
        "text": "days",
        "alias": "unit",
        "meta": "@unit-time",
        "userDefined": true
      },
      {
        "text": " passed after ",
        "userDefined": false
      },
      {
        "text": "New Year",
        "alias": "holiday",
        "meta": "@holiday",
        "userDefined": true
      }
    ],
    "isTemplate": false,
    "count": 0,
    "updated": 0
  },
  {
    "id": "9b75b893-e6aa-4ec6-88ef-ec34fd442119",
    "data": [
      {
        "text": "what\u0027s the number of ",
        "userDefined": false
      },
      {
        "text": "days",
        "alias": "unit",
        "meta": "@unit-time",
        "userDefined": true
      },
      {
        "text": " since ",
        "userDefined": false
      },
      {
        "text": "Thanksgiving",
        "alias": "holiday",
        "meta": "@holiday",
        "userDefined": true
      }
    ],
    "isTemplate": false,
    "count": 0,
    "updated": 0
  },
  {
    "id": "34d2e44e-dd66-45e9-a899-f2225bcd4846",
    "data": [
      {
        "text": "do you know how many ",
        "userDefined": false
      },
      {
        "text": "months",
        "alias": "unit",
        "meta": "@unit-time",
        "userDefined": true
      },
      {
        "text": " passed after ",
        "userDefined": false
      },
      {
        "text": "Easter",
        "alias": "holiday",
        "meta": "@holiday",
        "userDefined": true
      }
    ],
    "isTemplate": false,
    "count": 0,
    "updated": 0
  }
]