[
  {
    "id": "5feae357-b9ad-42d8-b51a-fa7688d33373",
    "data": [
      {
        "text": "when was ",
        "userDefined": false
      },
      {
        "text": "Christmas",
        "alias": "holiday",
        "meta": "@holiday",
        "userDefined": true
      }
    ],
    "isTemplate": false,
    "count": 0,
    "updated": 0
  },
  {
    "id": "2f318c21-ebd1-4ca1-aab9-471fef741d9a",
    "data": [
      {
        "text": "Columbus Day",
        "alias": "holiday",
        "meta": "@holiday",
        "userDefined": true
      },
      {
        "text": " ",
        "userDefined": false
      },
      {
        "text": "2018",
        "alias": "date",
        "meta": "@sys.date-time",
        "userDefined": true
      }
    ],
    "isTemplate": false,
    "count": 0,
    "updated": 0
  },
  {
    "id": "e9f4e486-3824-449a-93a1-e377bed08b0f",
    "data": [
      {
        "text": "Independence Day",
        "alias": "holiday",
        "meta": "@holiday",
        "userDefined": true
      },
      {
        "text": " ",
        "userDefined": false
      },
      {
        "text": "2013",
        "alias": "date",
        "meta": "@sys.date-time",
        "userDefined": true
      },
      {
        "text": " date",
        "userDefined": false
      }
    ],
    "isTemplate": false,
    "count": 0,
    "updated": 0
  },
  {
    "id": "f6e3c2d2-acd7-412c-9cd4-41fc095a6f75",
    "data": [
      {
        "text": "I wonder when is ",
        "userDefined": false
      },
      {
        "text": "Saint Patrick\u0027s day",
        "alias": "holiday",
        "meta": "@holiday",
        "userDefined": true
      }
    ],
    "isTemplate": false,
    "count": 0,
    "updated": 0
  },
  {
    "id": "2cf3b839-ad54-457f-b93c-cabd11c5698f",
    "data": [
      {
        "text": "Halloween",
        "alias": "holiday",
        "meta": "@holiday",
        "userDefined": false
      },
      {
        "text": " date",
        "userDefined": false
      }
    ],
    "isTemplate": false,
    "count": 0,
    "updated": 0
  },
  {
    "id": "a0c86d1d-dd7a-4a35-8c8b-0e50818aec96",
    "data": [
      {
        "text": "what is the date of ",
        "userDefined": false
      },
      {
        "text": "Columbus day",
        "alias": "holiday",
        "meta": "@holiday",
        "userDefined": true
      },
      {
        "text": " in ",
        "userDefined": false
      },
      {
        "text": "2015",
        "alias": "date",
        "meta": "@sys.date-time",
        "userDefined": true
      }
    ],
    "isTemplate": false,
    "count": 0,
    "updated": 0
  },
  {
    "id": "ba78d1a1-25e7-48b8-a53c-c79ccec4ba33",
    "data": [
      {
        "text": "what is the date ",
        "userDefined": false
      },
      {
        "text": "of",
        "meta": "@sys.ignore",
        "userDefined": false
      },
      {
        "text": " ",
        "userDefined": false
      },
      {
        "text": "Labour Day",
        "alias": "holiday",
        "meta": "@holiday",
        "userDefined": true
      },
      {
        "text": " in ",
        "userDefined": false
      },
      {
        "text": "2018",
        "alias": "date",
        "meta": "@sys.date-time",
        "userDefined": true
      }
    ],
    "isTemplate": false,
    "count": 0,
    "updated": 0
  },
  {
    "id": "bf1ecb8c-16c8-42c0-bc7e-c439b84ccd25",
    "data": [
      {
        "text": "when is ",
        "userDefined": false
      },
      {
        "text": "Thanksgiving",
        "alias": "holiday",
        "meta": "@holiday",
        "userDefined": true
      },
      {
        "text": " ",
        "userDefined": false
      },
      {
        "text": "this year",
        "alias": "date",
        "meta": "@sys.date-time",
        "userDefined": true
      }
    ],
    "isTemplate": false,
    "count": 0,
    "updated": 0
  },
  {
    "id": "b343a598-a3bd-45b6-8529-ce0fef65ea15",
    "data": [
      {
        "text": "when is ",
        "userDefined": false
      },
      {
        "text": "Valentine\u0027s Day",
        "alias": "holiday",
        "meta": "@holiday",
        "userDefined": true
      }
    ],
    "isTemplate": false,
    "count": 0,
    "updated": 0
  }
]