[
  {
    "id": "2aed7209-8487-4e9b-92cd-6a6bfd4e0be1",
    "data": [
      {
        "text": "tell me is it ",
        "userDefined": false
      },
      {
        "text": "September 8",
        "alias": "date",
        "meta": "@sys.date",
        "userDefined": true
      },
      {
        "text": " in ",
        "userDefined": false
      },
      {
        "text": "Munich",
        "alias": "location",
        "meta": "@sys.location",
        "userDefined": true
      }
    ],
    "isTemplate": false,
    "count": 0,
    "updated": 0
  },
  {
    "id": "565ded7d-d5cd-4cc3-92ce-709506b2278b",
    "data": [
      {
        "text": "are we in ",
        "userDefined": false
      },
      {
        "text": "March 2017",
        "alias": "date",
        "meta": "@sys.date",
        "userDefined": true
      }
    ],
    "isTemplate": false,
    "count": 0,
    "updated": 0
  },
  {
    "id": "a1d1bb42-beca-4cdb-8eb7-0e92860cde4f",
    "data": [
      {
        "text": "is it the ",
        "userDefined": false
      },
      {
        "text": "21st of February",
        "alias": "date",
        "meta": "@sys.date",
        "userDefined": true
      }
    ],
    "isTemplate": false,
    "count": 0,
    "updated": 0
  },
  {
    "id": "0516d9c0-1fb8-440d-90b4-c2835d7fe526",
    "data": [
      {
        "text": "is today the ",
        "userDefined": false
      },
      {
        "text": "28th",
        "alias": "date",
        "meta": "@sys.date",
        "userDefined": true
      }
    ],
    "isTemplate": false,
    "count": 0,
    "updated": 0
  },
  {
    "id": "1e2a8abc-b258-4ca8-939e-f76401dfb47b",
    "data": [
      {
        "text": "check if it\u0027s ",
        "userDefined": false
      },
      {
        "text": "Monday",
        "alias": "date",
        "meta": "@sys.date",
        "userDefined": true
      },
      {
        "text": " in ",
        "userDefined": false
      },
      {
        "text": "Luxembourg",
        "alias": "location",
        "meta": "@sys.location",
        "userDefined": true
      }
    ],
    "isTemplate": false,
    "count": 0,
    "updated": 0
  },
  {
    "id": "d81933a7-d366-4ae5-8d8f-1101a07411e7",
    "data": [
      {
        "text": "is it ",
        "userDefined": false
      },
      {
        "text": "June 19th",
        "alias": "date",
        "meta": "@sys.date",
        "userDefined": true
      }
    ],
    "isTemplate": false,
    "count": 0,
    "updated": 0
  },
  {
    "id": "0234e5e6-297b-4f2e-85df-a89881581b19",
    "data": [
      {
        "text": "I\u0027d like to know if it\u0027s ",
        "userDefined": false
      },
      {
        "text": "January 2018",
        "alias": "date",
        "meta": "@sys.date",
        "userDefined": true
      },
      {
        "text": " now",
        "userDefined": false
      }
    ],
    "isTemplate": false,
    "count": 0,
    "updated": 0
  }
]