[
  {
    "id": "ffb54c56-016b-4edf-89f1-9646cfb0f535",
    "data": [
      {
        "text": "days",
        "alias": "unit",
        "meta": "@unit-time",
        "userDefined": true
      },
      {
        "text": " until ",
        "userDefined": false
      },
      {
        "text": "January 1st",
        "alias": "date",
        "meta": "@sys.date",
        "userDefined": true
      }
    ],
    "isTemplate": false,
    "count": 0,
    "updated": 0
  },
  {
    "id": "430bd952-b1e6-43ef-8a85-2ac1a18beac2",
    "data": [
      {
        "text": "how many ",
        "userDefined": false
      },
      {
        "text": "weeks",
        "alias": "unit",
        "meta": "@unit-time",
        "userDefined": true
      },
      {
        "text": " are there until ",
        "userDefined": false
      },
      {
        "text": "next month",
        "alias": "date",
        "meta": "@sys.date",
        "userDefined": true
      }
    ],
    "isTemplate": false,
    "count": 0,
    "updated": 0
  },
  {
    "id": "f6b6f242-db2c-4ef7-b083-19f5ca3bedcc",
    "data": [
      {
        "text": "how many ",
        "userDefined": false
      },
      {
        "text": "hours",
        "alias": "unit",
        "meta": "@unit-time",
        "userDefined": true
      },
      {
        "text": " until ",
        "userDefined": false
      },
      {
        "text": "tomorrow",
        "alias": "date",
        "meta": "@sys.date",
        "userDefined": true
      }
    ],
    "isTemplate": false,
    "count": 0,
    "updated": 0
  },
  {
    "id": "8f6847d7-2c2d-4658-b281-94f196be9244",
    "data": [
      {
        "text": "check how many ",
        "userDefined": false
      },
      {
        "text": "weeks",
        "alias": "unit",
        "meta": "@unit-time",
        "userDefined": true
      },
      {
        "text": " till ",
        "userDefined": false
      },
      {
        "text": "September 5th",
        "alias": "date",
        "meta": "@sys.date",
        "userDefined": true
      }
    ],
    "isTemplate": false,
    "count": 0,
    "updated": 0
  },
  {
    "id": "982ddb9a-6fad-481b-a38e-056a11edbf54",
    "data": [
      {
        "text": "tell me how many ",
        "userDefined": false
      },
      {
        "text": "weeks",
        "alias": "unit",
        "meta": "@unit-time",
        "userDefined": true
      },
      {
        "text": " we have before ",
        "userDefined": false
      },
      {
        "text": "April 11th",
        "alias": "date",
        "meta": "@sys.date",
        "userDefined": true
      }
    ],
    "isTemplate": false,
    "count": 0,
    "updated": 0
  },
  {
    "id": "98d1e4b2-0be2-40af-9458-01b480fb2b99",
    "data": [
      {
        "text": "how long until ",
        "userDefined": false
      },
      {
        "text": "November 13",
        "alias": "date",
        "meta": "@sys.date",
        "userDefined": true
      }
    ],
    "isTemplate": false,
    "count": 0,
    "updated": 0
  },
  {
    "id": "1af44a5e-7d6d-4bd4-a123-7b401d389c5c",
    "data": [
      {
        "text": "calculate number of ",
        "userDefined": false
      },
      {
        "text": "days",
        "alias": "unit",
        "meta": "@unit-time",
        "userDefined": true
      },
      {
        "text": " before ",
        "userDefined": false
      },
      {
        "text": "July 22",
        "alias": "date",
        "meta": "@sys.date",
        "userDefined": true
      }
    ],
    "isTemplate": false,
    "count": 1,
    "updated": 0
  },
  {
    "id": "5353611d-ae74-4f44-a316-f0aead163b3a",
    "data": [
      {
        "text": "how many ",
        "userDefined": false
      },
      {
        "text": "days",
        "alias": "unit",
        "meta": "@unit-time",
        "userDefined": true
      },
      {
        "text": " until ",
        "userDefined": false
      },
      {
        "text": "Friday",
        "alias": "date",
        "meta": "@sys.date",
        "userDefined": true
      }
    ],
    "isTemplate": false,
    "count": 0,
    "updated": 0
  },
  {
    "id": "3f7cdacb-21cd-48a3-9771-793fc904cd15",
    "data": [
      {
        "text": "how many ",
        "userDefined": false
      },
      {
        "text": "days",
        "alias": "unit",
        "meta": "@unit-time",
        "userDefined": true
      },
      {
        "text": " left till the ",
        "userDefined": false
      },
      {
        "text": "end of the year",
        "alias": "date",
        "meta": "@sys.date",
        "userDefined": true
      }
    ],
    "isTemplate": false,
    "count": 0,
    "updated": 0
  },
  {
    "id": "d0548ccb-9d5a-4483-afb1-73327c55c60f",
    "data": [
      {
        "text": "number of ",
        "userDefined": false
      },
      {
        "text": "days",
        "alias": "unit",
        "meta": "@unit-time",
        "userDefined": true
      },
      {
        "text": " before the ",
        "userDefined": false
      },
      {
        "text": "end of the month",
        "alias": "date",
        "meta": "@sys.date",
        "userDefined": true
      }
    ],
    "isTemplate": false,
    "count": 0,
    "updated": 0
  },
  {
    "id": "55276724-c8d2-45ce-a569-e3e96a7505cb",
    "data": [
      {
        "text": "count how many ",
        "userDefined": false
      },
      {
        "text": "months",
        "alias": "unit",
        "meta": "@unit-time",
        "userDefined": true
      },
      {
        "text": " to ",
        "userDefined": false
      },
      {
        "text": "December 2020",
        "alias": "date",
        "meta": "@sys.date",
        "userDefined": true
      }
    ],
    "isTemplate": false,
    "count": 0,
    "updated": 0
  }
]