[
  {
    "id": "0309cae1-2770-4865-ad81-516fb7d1b9f6",
    "data": [
      {
        "text": "what about ",
        "userDefined": false
      },
      {
        "text": "Monday",
        "alias": "dayofweek",
        "meta": "@dayofweek",
        "userDefined": false
      }
    ],
    "isTemplate": false,
    "count": 0,
    "updated": 0
  },
  {
    "id": "813d2321-0bbb-47bb-b6b3-d33008c86569",
    "data": [
      {
        "text": "and ",
        "userDefined": false
      },
      {
        "text": "Tuesday",
        "alias": "dayofweek",
        "meta": "@dayofweek",
        "userDefined": true
      }
    ],
    "isTemplate": false,
    "count": 0,
    "updated": 0
  },
  {
    "id": "65bed1b5-9ac9-4fb8-8d28-c1ffbedf3c20",
    "data": [
      {
        "text": "what about a ",
        "userDefined": false
      },
      {
        "text": "month later",
        "alias": "date",
        "meta": "@sys.date",
        "userDefined": true
      }
    ],
    "isTemplate": false,
    "count": 0,
    "updated": 0
  },
  {
    "id": "cb905fa9-c559-4a46-99da-0953bba484c8",
    "data": [
      {
        "text": "could you check it for ",
        "userDefined": false
      },
      {
        "text": "tomorrow",
        "alias": "date",
        "meta": "@sys.date",
        "userDefined": true
      }
    ],
    "isTemplate": false,
    "count": 0,
    "updated": 0
  },
  {
    "id": "a01daec9-3de6-468e-9606-97ae2cc4ce71",
    "data": [
      {
        "text": "how about ",
        "userDefined": false
      },
      {
        "text": "Thursday",
        "alias": "dayofweek",
        "meta": "@dayofweek",
        "userDefined": true
      }
    ],
    "isTemplate": false,
    "count": 0,
    "updated": 0
  },
  {
    "id": "ec0744d8-060c-4eaa-8233-8742fafb475b",
    "data": [
      {
        "text": "and ",
        "userDefined": false
      },
      {
        "text": "in a week",
        "alias": "date",
        "meta": "@sys.date",
        "userDefined": true
      }
    ],
    "isTemplate": false,
    "count": 0,
    "updated": 0
  },
  {
    "id": "7a4c9af3-c9b3-4134-a732-e37b41c5d40d",
    "data": [
      {
        "text": "now ",
        "userDefined": false
      },
      {
        "text": "Wednesday",
        "alias": "dayofweek",
        "meta": "@dayofweek",
        "userDefined": true
      }
    ],
    "isTemplate": false,
    "count": 0,
    "updated": 0
  },
  {
    "id": "2da40edb-4d18-4334-a0a5-06b42f98b4ed",
    "data": [
      {
        "text": "next Friday",
        "alias": "date",
        "meta": "@sys.date",
        "userDefined": true
      }
    ],
    "isTemplate": false,
    "count": 0,
    "updated": 0
  }
]