[
  {
    "id": "6a64d605-2852-47b4-9358-f7222c98c6ed",
    "data": [
      {
        "text": "rofl",
        "userDefined": false
      }
    ],
    "isTemplate": false,
    "count": 0,
    "updated": 0
  },
  {
    "id": "46e6b021-25fa-4f68-bc2d-78dcda963e90",
    "data": [
      {
        "text": "hilarious",
        "userDefined": false
      }
    ],
    "isTemplate": false,
    "count": 0,
    "updated": 0
  },
  {
    "id": "71d223ad-17e7-4943-a86f-f07cba175037",
    "data": [
      {
        "text": "nice one",
        "userDefined": false
      }
    ],
    "isTemplate": false,
    "count": 0,
    "updated": 0
  },
  {
    "id": "e5ec2d9c-b819-47d0-a881-5a7899ba32a8",
    "data": [
      {
        "text": "your jokes are good",
        "userDefined": false
      }
    ],
    "isTemplate": false,
    "count": 0,
    "updated": 0
  },
  {
    "id": "c78054ca-5246-4dae-9f86-31284c15d57c",
    "data": [
      {
        "text": "good joke",
        "userDefined": false
      }
    ],
    "isTemplate": false,
    "count": 0,
    "updated": 0
  },
  {
    "id": "01560b9f-51d5-445a-8575-a2755afac5ca",
    "data": [
      {
        "text": "hahaha",
        "userDefined": false
      }
    ],
    "isTemplate": false,
    "count": 0,
    "updated": 0
  },
  {
    "id": "ee92ac76-883a-48dc-a7c8-81cd4577d3ad",
    "data": [
      {
        "text": "funny",
        "userDefined": false
      }
    ],
    "isTemplate": false,
    "count": 0,
    "updated": 0
  },
  {
    "id": "8e605151-8df6-41a9-973c-dbd298b9eec1",
    "data": [
      {
        "text": "you are so funny",
        "userDefined": false
      }
    ],
    "isTemplate": false,
    "count": 0,
    "updated": 0
  },
  {
    "id": "a1913691-5f35-4221-9bc8-8ba436f79e4e",
    "data": [
      {
        "text": "your jokes are always funny",
        "userDefined": false
      }
    ],
    "isTemplate": false,
    "count": 0,
    "updated": 0
  },
  {
    "id": "a078702e-5c78-4583-9d31-e57ad3daee04",
    "data": [
      {
        "text": "cool",
        "userDefined": false
      }
    ],
    "isTemplate": false,
    "count": 0,
    "updated": 0
  },
  {
    "id": "f00e4a6f-88fd-407b-b006-0691b7adc104",
    "data": [
      {
        "text": "ahahah lol",
        "userDefined": false
      }
    ],
    "isTemplate": false,
    "count": 0,
    "updated": 0
  },
  {
    "id": "12fd1af4-adb2-4dca-a1df-6bdc2254ea4f",
    "data": [
      {
        "text": "I like your sense of humor",
        "userDefined": false
      }
    ],
    "isTemplate": false,
    "count": 1,
    "updated": 0
  },
  {
    "id": "1a0b2d7d-86bb-4cc4-991c-2f26d2460d3e",
    "data": [
      {
        "text": "so funny",
        "userDefined": false
      }
    ],
    "isTemplate": false,
    "count": 0,
    "updated": 0
  },
  {
    "id": "2744a4b6-8a0d-46fd-aece-42b5f80e6349",
    "data": [
      {
        "text": "i do like your jokes",
        "userDefined": false
      }
    ],
    "isTemplate": false,
    "count": 0,
    "updated": 0
  },
  {
    "id": "c329163f-50c8-48be-9ce8-62aa2191bb48",
    "data": [
      {
        "text": "you\u0027re funny",
        "userDefined": false
      }
    ],
    "isTemplate": false,
    "count": 0,
    "updated": 0
  },
  {
    "id": "1d195766-4e12-4b97-aefb-d0a01cfbacfd",
    "data": [
      {
        "text": "you are so witty",
        "userDefined": false
      }
    ],
    "isTemplate": false,
    "count": 0,
    "updated": 0
  },
  {
    "id": "afc293fa-0fbd-4ded-b832-9906f485af2e",
    "data": [
      {
        "text": "lol",
        "userDefined": false
      }
    ],
    "isTemplate": false,
    "count": 0,
    "updated": 0
  },
  {
    "id": "1e8f3d09-0d6d-43f0-98d2-cdc4c4b40e9c",
    "data": [
      {
        "text": "you have such a good sense of humor",
        "userDefined": false
      }
    ],
    "isTemplate": false,
    "count": 1,
    "updated": 0
  },
  {
    "id": "1ed864ac-a247-41b3-ae2f-fd6b2b519ba9",
    "data": [
      {
        "text": "it\u0027s the funniest joke ever",
        "userDefined": false
      }
    ],
    "isTemplate": false,
    "count": 0,
    "updated": 0
  },
  {
    "id": "025e4368-ff6a-4987-8858-406f908c0802",
    "data": [
      {
        "text": "great joke",
        "userDefined": false
      }
    ],
    "isTemplate": false,
    "count": 0,
    "updated": 0
  },
  {
    "id": "8eb5841e-f0c5-4a9c-8532-eacd21be2f0d",
    "data": [
      {
        "text": "nice joke",
        "userDefined": false
      }
    ],
    "isTemplate": false,
    "count": 1,
    "updated": 0
  },
  {
    "id": "14e359c4-3f20-4099-b098-cf8d746add50",
    "data": [
      {
        "text": "I loved that joke",
        "userDefined": false
      }
    ],
    "isTemplate": false,
    "count": 1,
    "updated": 0
  },
  {
    "id": "047808a3-8284-4603-b76e-6fd816cc28f0",
    "data": [
      {
        "text": "ahha",
        "userDefined": false
      }
    ],
    "isTemplate": false,
    "count": 0,
    "updated": 0
  },
  {
    "id": "bde08666-9cd0-465c-94c4-ac5c701a2ae6",
    "data": [
      {
        "text": "I do appreciate your sense of humor",
        "userDefined": false
      }
    ],
    "isTemplate": false,
    "count": 0,
    "updated": 0
  },
  {
    "id": "780ce0d2-891a-4070-89cd-6dd51b87dce3",
    "data": [
      {
        "text": "i like this ",
        "userDefined": false
      },
      {
        "text": "one",
        "meta": "@sys.ignore",
        "userDefined": false
      }
    ],
    "isTemplate": false,
    "count": 0,
    "updated": 0
  },
  {
    "id": "2b5858b8-ed59-4aac-ab91-67fd85533c56",
    "data": [
      {
        "text": "haha you have a good sense of humor",
        "userDefined": false
      }
    ],
    "isTemplate": false,
    "count": 1,
    "updated": 0
  },
  {
    "id": "15d02e4e-9b28-4124-875a-aa87f6616ff2",
    "data": [
      {
        "text": "I love your jokes",
        "userDefined": false
      }
    ],
    "isTemplate": false,
    "count": 1,
    "updated": 0
  },
  {
    "id": "5220aa93-cd1a-416a-b578-49c3684420e2",
    "data": [
      {
        "text": "nice",
        "meta": "@sys.ignore",
        "userDefined": false
      },
      {
        "text": " joke I like it",
        "userDefined": false
      }
    ],
    "isTemplate": false,
    "count": 0,
    "updated": 0
  }
]