[
  {
    "id": "d8308b2d-3707-4aad-afdb-9a0dbb40ecaa",
    "data": [
      {
        "text": "what is the All Risks Insurance",
        "userDefined": false
      }
    ],
    "isTemplate": false,
    "count": 0,
    "updated": 0
  },
  {
    "id": "bfcef149-97b8-4b4b-87c6-a07021bf0af7",
    "data": [
      {
        "text": "what is All Risks Insurance",
        "userDefined": false
      }
    ],
    "isTemplate": false,
    "count": 0,
    "updated": 0
  },
  {
    "id": "6927a9e8-9a0b-4d31-bbd6-be2a5ea02b6d",
    "data": [
      {
        "text": "All Risks Insurance",
        "userDefined": false
      }
    ],
    "isTemplate": false,
    "count": 0,
    "updated": 0
  }
]