[
  {
    "id": "6a8fdcac-cb63-40b7-86f7-203f3508dce4",
    "data": [
      {
        "text": "what is Annuity  Plans",
        "userDefined": false
      }
    ],
    "isTemplate": false,
    "count": 0,
    "updated": 0
  },
  {
    "id": "8d80fec6-3fdd-48b6-98a6-b5b8ad61a657",
    "data": [
      {
        "text": "what is the Annuity  Plans",
        "userDefined": false
      }
    ],
    "isTemplate": false,
    "count": 0,
    "updated": 0
  },
  {
    "id": "8da1c395-f8b5-4259-a255-eda4bfa4387b",
    "data": [
      {
        "text": "what is Pension Plans",
        "userDefined": false
      }
    ],
    "isTemplate": false,
    "count": 0,
    "updated": 0
  },
  {
    "id": "bd4d964c-cbb9-425f-ad81-f2a85dd2504c",
    "data": [
      {
        "text": "what is the Pension Plans",
        "userDefined": false
      }
    ],
    "isTemplate": false,
    "count": 0,
    "updated": 0
  },
  {
    "id": "25a476d9-de1d-404a-993b-754d6aa82eef",
    "data": [
      {
        "text": "Pension Plans",
        "userDefined": false
      }
    ],
    "isTemplate": false,
    "count": 0,
    "updated": 0
  },
  {
    "id": "aa360260-1b43-46de-9bee-144bb1db99b0",
    "data": [
      {
        "text": "Annuity  Plans",
        "userDefined": false
      }
    ],
    "isTemplate": false,
    "count": 0,
    "updated": 0
  },
  {
    "id": "12057b7d-d77f-43a1-8aff-49c0825ac9e0",
    "data": [
      {
        "text": "Annuity (Pension) Plans",
        "userDefined": false
      }
    ],
    "isTemplate": false,
    "count": 0,
    "updated": 0
  }
]