[
  {
    "id": "2760f06e-3e8c-4150-a711-89f92d707ef4",
    "data": [
      {
        "text": "Non-stop",
        "alias": "flight_type",
        "meta": "@flight_type",
        "userDefined": false
      },
      {
        "text": " flights from ",
        "userDefined": false
      },
      {
        "text": "New Delhi",
        "alias": "geo-city",
        "meta": "@sys.geo-city",
        "userDefined": false
      },
      {
        "text": " to ",
        "userDefined": false
      },
      {
        "text": "Chennai",
        "alias": "geo-city1",
        "meta": "@sys.geo-city",
        "userDefined": true
      },
      {
        "text": "  ",
        "userDefined": false
      },
      {
        "text": "on 31st May 2018",
        "alias": "date",
        "meta": "@sys.date",
        "userDefined": false
      }
    ],
    "isTemplate": false,
    "count": 0,
    "updated": 0
  },
  {
    "id": "a65049e4-91a2-4b42-b423-d5bd272098e8",
    "data": [
      {
        "text": "Flight from ",
        "userDefined": false
      },
      {
        "text": "Chennai",
        "alias": "geo-city",
        "meta": "@sys.geo-city",
        "userDefined": true
      },
      {
        "text": " to ",
        "userDefined": false
      },
      {
        "text": "New Delhi",
        "alias": "geo-city1",
        "meta": "@sys.geo-city",
        "userDefined": false
      },
      {
        "text": " ",
        "userDefined": false
      },
      {
        "text": "on 31st May 2018",
        "alias": "date",
        "meta": "@sys.date",
        "userDefined": false
      }
    ],
    "isTemplate": false,
    "count": 0,
    "updated": 0
  },
  {
    "id": "4a4e1a77-a8db-458b-bda1-654ab2d15e5d",
    "data": [
      {
        "text": "Book a flight from ",
        "userDefined": false
      },
      {
        "text": "Bangalore",
        "alias": "geo-city",
        "meta": "@sys.geo-city",
        "userDefined": false
      },
      {
        "text": " to ",
        "userDefined": false
      },
      {
        "text": "Mumbai",
        "alias": "geo-city1",
        "meta": "@sys.geo-city",
        "userDefined": false
      },
      {
        "text": " for ",
        "userDefined": false
      },
      {
        "text": "tomorrow",
        "alias": "date",
        "meta": "@sys.date",
        "userDefined": false
      }
    ],
    "isTemplate": false,
    "count": 0,
    "updated": 0
  },
  {
    "id": "d1e9f778-f4f6-4ee9-a00e-131c161fbb51",
    "data": [
      {
        "text": "Reserve a flight for ",
        "userDefined": false
      },
      {
        "text": "next Tuesday",
        "alias": "date",
        "meta": "@sys.date",
        "userDefined": false
      }
    ],
    "isTemplate": false,
    "count": 0,
    "updated": 0
  },
  {
    "id": "99a304f4-cd76-401c-8d89-c08f26192a37",
    "data": [
      {
        "text": "Book a flight for ",
        "userDefined": false
      },
      {
        "text": "tomorrow",
        "alias": "date",
        "meta": "@sys.date",
        "userDefined": false
      }
    ],
    "isTemplate": false,
    "count": 0,
    "updated": 0
  },
  {
    "id": "6e422b77-5a41-466e-929b-ca6a9986313d",
    "data": [
      {
        "text": "Book a flight ",
        "userDefined": false
      },
      {
        "text": "for May 31st, 2018",
        "alias": "date",
        "meta": "@sys.date",
        "userDefined": false
      }
    ],
    "isTemplate": false,
    "count": 0,
    "updated": 0
  },
  {
    "id": "4f425b62-008a-4e43-beb3-2333f825ae46",
    "data": [
      {
        "text": "Book flight tickets",
        "userDefined": false
      }
    ],
    "isTemplate": false,
    "count": 0,
    "updated": 0
  },
  {
    "id": "ba2b72f7-ad97-43c4-94fb-24c644fe45af",
    "data": [
      {
        "text": "Book a flight",
        "userDefined": false
      }
    ],
    "isTemplate": false,
    "count": 0,
    "updated": 0
  }
]