[
  {
    "id": "8599acde-fd5a-4731-8931-339206aba618",
    "data": [
      {
        "text": "Book a ",
        "userDefined": false
      },
      {
        "text": "convertible",
        "alias": "car_type",
        "meta": "@car_type",
        "userDefined": false
      },
      {
        "text": " in ",
        "userDefined": false
      },
      {
        "text": "Seattle",
        "alias": "geo-city",
        "meta": "@sys.geo-city",
        "userDefined": false
      }
    ],
    "isTemplate": false,
    "count": 0,
    "updated": 0
  },
  {
    "id": "17357248-05ce-4bb7-96b6-b431924f4191",
    "data": [
      {
        "text": "Reserve a ",
        "userDefined": false
      },
      {
        "text": "sedan",
        "alias": "car_type",
        "meta": "@car_type",
        "userDefined": false
      },
      {
        "text": " in ",
        "userDefined": false
      },
      {
        "text": "NY",
        "alias": "geo-city",
        "meta": "@sys.geo-city",
        "userDefined": false
      },
      {
        "text": " ",
        "userDefined": false
      },
      {
        "text": "on 30 may 2018",
        "alias": "date",
        "meta": "@sys.date",
        "userDefined": false
      }
    ],
    "isTemplate": false,
    "count": 0,
    "updated": 0
  },
  {
    "id": "6cd1dff5-5071-4de4-bf85-3c99889fe364",
    "data": [
      {
        "text": "Reserve a ",
        "userDefined": false
      },
      {
        "text": "sedan",
        "alias": "car_type",
        "meta": "@car_type",
        "userDefined": false
      },
      {
        "text": " in ",
        "userDefined": false
      },
      {
        "text": "NY",
        "alias": "geo-city",
        "meta": "@sys.geo-city",
        "userDefined": false
      },
      {
        "text": " ",
        "userDefined": false
      },
      {
        "text": "for friday",
        "alias": "date",
        "meta": "@sys.date",
        "userDefined": false
      }
    ],
    "isTemplate": false,
    "count": 0,
    "updated": 0
  },
  {
    "id": "fb667b50-a29c-4bce-bc0a-33a9ca082f8b",
    "data": [
      {
        "text": "Reserve a car in ",
        "userDefined": false
      },
      {
        "text": "NY",
        "alias": "geo-city",
        "meta": "@sys.geo-city",
        "userDefined": false
      },
      {
        "text": " for ",
        "userDefined": false
      },
      {
        "text": "tomorrow",
        "alias": "date",
        "meta": "@sys.date",
        "userDefined": false
      }
    ],
    "isTemplate": false,
    "count": 0,
    "updated": 0
  },
  {
    "id": "30c37228-c8e8-492b-a54c-58846192e87c",
    "data": [
      {
        "text": "Reserve a ",
        "userDefined": false
      },
      {
        "text": "sedan",
        "alias": "car_type",
        "meta": "@car_type",
        "userDefined": false
      },
      {
        "text": " in ",
        "userDefined": false
      },
      {
        "text": "NY",
        "alias": "geo-city",
        "meta": "@sys.geo-city",
        "userDefined": false
      },
      {
        "text": " for ",
        "userDefined": false
      },
      {
        "text": "tomorrow",
        "alias": "date",
        "meta": "@sys.date",
        "userDefined": false
      }
    ],
    "isTemplate": false,
    "count": 0,
    "updated": 0
  },
  {
    "id": "c2585399-54e1-4367-932c-786e851643d1",
    "data": [
      {
        "text": "Book a car in ",
        "userDefined": false
      },
      {
        "text": "LA",
        "alias": "geo-city",
        "meta": "@sys.geo-city",
        "userDefined": false
      }
    ],
    "isTemplate": false,
    "count": 0,
    "updated": 0
  },
  {
    "id": "10302bfc-11d9-45e4-baa4-112beecb886a",
    "data": [
      {
        "text": "Book a car",
        "userDefined": false
      }
    ],
    "isTemplate": false,
    "count": 0,
    "updated": 0
  }
]