[
  {
    "id": "7ffe3140-f89e-48c8-99c0-3171bfff6b08",
    "data": [
      {
        "text": "Book a ",
        "userDefined": false
      },
      {
        "text": "king",
        "alias": "room_type",
        "meta": "@room_type",
        "userDefined": false
      },
      {
        "text": " in ",
        "userDefined": false
      },
      {
        "text": "Mumbai",
        "alias": "geo-city",
        "meta": "@sys.geo-city",
        "userDefined": false
      },
      {
        "text": " for ",
        "userDefined": false
      },
      {
        "text": "tomorrow",
        "alias": "date",
        "meta": "@sys.date",
        "userDefined": false
      }
    ],
    "isTemplate": false,
    "count": 0,
    "updated": 0
  },
  {
    "id": "361d1b45-763f-49c7-b065-32a755911ab6",
    "data": [
      {
        "text": "Book a ",
        "userDefined": false
      },
      {
        "text": "queen",
        "alias": "room_type",
        "meta": "@room_type",
        "userDefined": false
      },
      {
        "text": " sized room in ",
        "userDefined": false
      },
      {
        "text": "Pune",
        "alias": "geo-city",
        "meta": "@sys.geo-city",
        "userDefined": false
      }
    ],
    "isTemplate": false,
    "count": 0,
    "updated": 0
  },
  {
    "id": "fd6a47b2-0747-49a0-b6ef-d15e4ea663aa",
    "data": [
      {
        "text": "Book a room in ",
        "userDefined": false
      },
      {
        "text": "New York",
        "alias": "geo-city",
        "meta": "@sys.geo-city",
        "userDefined": false
      },
      {
        "text": " city",
        "userDefined": false
      }
    ],
    "isTemplate": false,
    "count": 0,
    "updated": 0
  },
  {
    "id": "5cc716b8-c6e2-4b82-a57f-39da3b146551",
    "data": [
      {
        "text": "Book a room",
        "userDefined": false
      }
    ],
    "isTemplate": false,
    "count": 0,
    "updated": 0
  }
]