[
  {
    "id": "b5dbbb9e-cf46-458e-9b8d-e4a3aa8c32dc",
    "data": [
      {
        "text": "Book a ",
        "userDefined": false
      },
      {
        "text": "delux",
        "alias": "room_type",
        "meta": "@room_type",
        "userDefined": false
      },
      {
        "text": " room",
        "userDefined": false
      }
    ],
    "isTemplate": false,
    "count": 0,
    "updated": 0
  },
  {
    "id": "a391cf2a-f32a-483a-9d10-8bb9bd2a53d2",
    "data": [
      {
        "text": "Book a room",
        "userDefined": false
      }
    ],
    "isTemplate": false,
    "count": 0,
    "updated": 0
  }
]