[
  {
    "id": "4b67004a-4201-4fcc-8ae3-f9dc7e8648dd",
    "data": [
      {
        "text": "what is the Burglary Insurance",
        "userDefined": false
      }
    ],
    "isTemplate": false,
    "count": 0,
    "updated": 0
  },
  {
    "id": "778d97ff-7a6e-4f0c-8e77-5e5032e0b94c",
    "data": [
      {
        "text": "what is Burglary Insurance",
        "userDefined": false
      }
    ],
    "isTemplate": false,
    "count": 0,
    "updated": 0
  },
  {
    "id": "135e5b40-b804-4e19-a30c-58b883af999a",
    "data": [
      {
        "text": "Burglary Insurancewh",
        "userDefined": false
      }
    ],
    "isTemplate": false,
    "count": 0,
    "updated": 0
  }
]