[
  {
    "id": "405d06a5-c40d-46e0-823f-9138d54e1f63",
    "data": [
      {
        "text": "what is the Children Policies",
        "userDefined": false
      }
    ],
    "isTemplate": false,
    "count": 0,
    "updated": 0
  },
  {
    "id": "d1dbb3c0-b87f-4549-8a3b-758831592df0",
    "data": [
      {
        "text": "what is Children Policies",
        "userDefined": false
      }
    ],
    "isTemplate": false,
    "count": 0,
    "updated": 0
  },
  {
    "id": "4bb51e3a-16fd-44dd-a669-2a3b543567a6",
    "data": [
      {
        "text": "Children Policies",
        "userDefined": false
      }
    ],
    "isTemplate": false,
    "count": 0,
    "updated": 0
  }
]