[
  {
    "id": "23ceecbb-2265-4b36-8b9c-2edd773c4b55",
    "data": [
      {
        "text": "dialogflow working",
        "userDefined": false
      }
    ],
    "isTemplate": false,
    "count": 0,
    "updated": 0
  },
  {
    "id": "b0d184ab-a0de-4977-9b28-f7df155da1ab",
    "data": [
      {
        "text": "dialogflow",
        "userDefined": false
      }
    ],
    "isTemplate": false,
    "count": 0,
    "updated": 0
  },
  {
    "id": "b768b2bd-3cb7-4917-b85b-44c270aa5176",
    "data": [
      {
        "text": "tell me something about dialogflow",
        "userDefined": false
      }
    ],
    "isTemplate": false,
    "count": 0,
    "updated": 0
  },
  {
    "id": "b9003c90-3175-44fd-990a-d18336bbfcd8",
    "data": [
      {
        "text": "What is dialogflow",
        "userDefined": false
      }
    ],
    "isTemplate": false,
    "count": 0,
    "updated": 0
  }
]