[
  {
    "id": "cce61403-c496-4385-8cfb-a5b3835e51d2",
    "data": [
      {
        "text": "what is the Endowment Policy",
        "userDefined": false
      }
    ],
    "isTemplate": false,
    "count": 0,
    "updated": 0
  },
  {
    "id": "8ce6b2c9-ee89-4e9c-afb3-90678afa5a76",
    "data": [
      {
        "text": "what is Endowment Policy",
        "userDefined": false
      }
    ],
    "isTemplate": false,
    "count": 0,
    "updated": 0
  },
  {
    "id": "1efd8d23-b324-4dbd-9f35-c0ac261d5357",
    "data": [
      {
        "text": "Endowment Policy",
        "userDefined": false
      }
    ],
    "isTemplate": false,
    "count": 0,
    "updated": 0
  }
]