[
  {
    "id": "eadce983-b5a3-4e9e-9d88-8074776fd980",
    "data": [
      {
        "text": "It was ",
        "userDefined": false
      },
      {
        "text": "bad",
        "alias": "Rating",
        "meta": "@Rating",
        "userDefined": false
      }
    ],
    "isTemplate": false,
    "count": 0,
    "updated": 0
  },
  {
    "id": "b4b7d8fd-cfac-48f2-a8b6-a67a3fb1850a",
    "data": [
      {
        "text": "Bad",
        "alias": "Rating",
        "meta": "@Rating",
        "userDefined": false
      }
    ],
    "isTemplate": false,
    "count": 0,
    "updated": 0
  }
]