[
  {
    "id": "ab85f17f-2f64-4b0c-94f4-b7f82414f3f2",
    "data": [
      {
        "text": "good",
        "alias": "Rating",
        "meta": "@Rating",
        "userDefined": false
      }
    ],
    "isTemplate": false,
    "count": 0,
    "updated": 0
  },
  {
    "id": "efba745a-c038-4f4c-89e1-38779db4ff81",
    "data": [
      {
        "text": "It was ",
        "userDefined": false
      },
      {
        "text": "good",
        "alias": "Rating",
        "meta": "@Rating",
        "userDefined": false
      }
    ],
    "isTemplate": false,
    "count": 0,
    "updated": 0
  }
]