[
  {
    "id": "0ef571d2-e1cc-4b00-b721-29454593aaac",
    "data": [
      {
        "text": "Complain",
        "userDefined": false
      }
    ],
    "isTemplate": false,
    "count": 0,
    "updated": 0
  },
  {
    "id": "5d2bfecb-3db0-4f16-9ea9-f47c631c7f6b",
    "data": [
      {
        "text": "Feedback",
        "userDefined": false
      }
    ],
    "isTemplate": false,
    "count": 0,
    "updated": 0
  },
  {
    "id": "de76dc6a-c96d-4099-9bb5-91db4a95369c",
    "data": [
      {
        "text": "I\u0027d like to give some feedback",
        "userDefined": false
      }
    ],
    "isTemplate": false,
    "count": 0,
    "updated": 0
  },
  {
    "id": "2eb211ec-c21f-4dbb-8e5c-c72253ccbd4c",
    "data": [
      {
        "text": "I have some feedback",
        "userDefined": false
      }
    ],
    "isTemplate": false,
    "count": 0,
    "updated": 0
  }
]