[
  {
    "id": "95b700c7-7d8a-4c55-bfec-9e8d923609ca",
    "data": [
      {
        "text": "2",
        "userDefined": false
      }
    ],
    "isTemplate": false,
    "count": 0,
    "updated": 0
  },
  {
    "id": "829087af-18f4-4081-83be-ff02e6db43b6",
    "data": [
      {
        "text": " Out of work to care",
        "userDefined": false
      }
    ],
    "isTemplate": false,
    "count": 0,
    "updated": 0
  },
  {
    "id": "a2883c4b-4c02-4fc5-b3bc-023dbc25694d",
    "data": [
      {
        "text": "work to care for family member",
        "userDefined": false
      }
    ],
    "isTemplate": false,
    "count": 0,
    "updated": 0
  },
  {
    "id": "e63ab839-a2c3-4938-bdeb-7baf7ad616da",
    "data": [
      {
        "text": "care for family member",
        "userDefined": false
      }
    ],
    "isTemplate": false,
    "count": 0,
    "updated": 0
  },
  {
    "id": "133464c4-fe6b-4483-8383-d6633bb53aaa",
    "data": [
      {
        "text": " Out of work",
        "userDefined": false
      }
    ],
    "isTemplate": false,
    "count": 0,
    "updated": 0
  },
  {
    "id": "ec0259ee-6344-4d7d-96d8-52d2c98effdc",
    "data": [
      {
        "text": " Out of work to care for family member",
        "userDefined": false
      }
    ],
    "isTemplate": false,
    "count": 0,
    "updated": 0
  }
]