[
  {
    "id": "8bbdfc71-6a31-4ae9-91a1-c9c04e4858de",
    "data": [
      {
        "text": "I want to file a new claim",
        "userDefined": false
      }
    ],
    "isTemplate": false,
    "count": 0,
    "updated": 0
  },
  {
    "id": "fdee9488-9712-4a32-be31-c6b83595a5a2",
    "data": [
      {
        "text": "how to file a claim",
        "userDefined": false
      }
    ],
    "isTemplate": false,
    "count": 0,
    "updated": 0
  },
  {
    "id": "3c2cccd3-16e2-4695-8979-2f19b5f36ed7",
    "data": [
      {
        "text": "how to process claim",
        "userDefined": false
      }
    ],
    "isTemplate": false,
    "count": 0,
    "updated": 0
  },
  {
    "id": "bcd4f56c-6c1b-4f66-85e1-17030e87f61b",
    "data": [
      {
        "text": "start claim",
        "userDefined": false
      }
    ],
    "isTemplate": false,
    "count": 0,
    "updated": 0
  },
  {
    "id": "abd9a746-8693-49c8-afb2-dfa05d3805bc",
    "data": [
      {
        "text": "new claim",
        "userDefined": false
      }
    ],
    "isTemplate": false,
    "count": 0,
    "updated": 0
  },
  {
    "id": "45b2f8f5-75af-4895-9234-c76532ba76e5",
    "data": [
      {
        "text": "file a claim",
        "userDefined": false
      }
    ],
    "isTemplate": false,
    "count": 0,
    "updated": 0
  },
  {
    "id": "0820eff9-4456-4fed-af92-cf72e0c58c68",
    "data": [
      {
        "text": "I want to file a claim",
        "userDefined": false
      }
    ],
    "isTemplate": false,
    "count": 0,
    "updated": 0
  }
]