[
  {
    "id": "8ec0467e-d6e0-4815-ac2e-075f9829741c",
    "data": [
      {
        "text": "what is the Fire insurance",
        "userDefined": false
      }
    ],
    "isTemplate": false,
    "count": 0,
    "updated": 0
  },
  {
    "id": "9388d536-f835-4711-803a-94daa973fb2d",
    "data": [
      {
        "text": "Fire",
        "userDefined": false
      }
    ],
    "isTemplate": false,
    "count": 0,
    "updated": 0
  },
  {
    "id": "8d2902de-0fb0-446d-94ec-4cc0089c7a30",
    "data": [
      {
        "text": "Fire Insurance",
        "userDefined": false
      }
    ],
    "isTemplate": false,
    "count": 0,
    "updated": 0
  }
]