[
  {
    "id": "fc64af6a-f4c8-462a-bd40-691175778219",
    "data": [
      {
        "text": "what is the Guarantee insurance",
        "userDefined": false
      }
    ],
    "isTemplate": false,
    "count": 0,
    "updated": 0
  },
  {
    "id": "fd2d8c07-de8d-4885-8146-c180965cfa75",
    "data": [
      {
        "text": "Guarantee",
        "userDefined": false
      }
    ],
    "isTemplate": false,
    "count": 0,
    "updated": 0
  },
  {
    "id": "fff966e0-0a00-40d9-a0b3-67f42c29c059",
    "data": [
      {
        "text": "Guarantee Insurance",
        "userDefined": false
      }
    ],
    "isTemplate": false,
    "count": 0,
    "updated": 0
  }
]