[
  {
    "id": "5808ccea-67f9-4eef-bf79-e93aa797d05e",
    "data": [
      {
        "text": "working of chatbot",
        "userDefined": false
      }
    ],
    "isTemplate": false,
    "count": 0,
    "updated": 0
  },
  {
    "id": "cc9b7d23-70e6-47d1-ae5f-0ce2263976dd",
    "data": [
      {
        "text": "Tell me working of chatbot",
        "userDefined": false
      }
    ],
    "isTemplate": false,
    "count": 0,
    "updated": 0
  },
  {
    "id": "bd9178c1-9e7e-4fdd-b316-5d9d00f52c82",
    "data": [
      {
        "text": "How you works",
        "userDefined": false
      }
    ],
    "isTemplate": false,
    "count": 0,
    "updated": 0
  }
]