[
  {
    "id": "7bac9079-0da9-4468-980c-9aba95843bb4",
    "data": [
      {
        "text": "how chatbot is useful",
        "userDefined": false
      }
    ],
    "isTemplate": false,
    "count": 0,
    "updated": 0
  },
  {
    "id": "7b3cded4-c31c-44b2-b298-25cc511707a1",
    "data": [
      {
        "text": "how AI based chatbot can help over general chat app",
        "userDefined": false
      }
    ],
    "isTemplate": false,
    "count": 0,
    "updated": 0
  },
  {
    "id": "13e53819-621f-491f-a385-bd2ac7875164",
    "data": [
      {
        "text": "how you reduce chatting time",
        "userDefined": false
      }
    ],
    "isTemplate": false,
    "count": 0,
    "updated": 0
  },
  {
    "id": "62f20474-2888-4b74-9238-b44c70aee709",
    "data": [
      {
        "text": "how AI based chatbot is useful",
        "userDefined": false
      }
    ],
    "isTemplate": false,
    "count": 0,
    "updated": 0
  },
  {
    "id": "4ef5a208-fbe4-4a3b-9cc2-6dbc34ea0630",
    "data": [
      {
        "text": "how AI based chatbot helps",
        "userDefined": false
      }
    ],
    "isTemplate": false,
    "count": 0,
    "updated": 0
  },
  {
    "id": "b35223a4-1673-4918-a125-300b952e2c1a",
    "data": [
      {
        "text": "how AI based chatbot can help",
        "userDefined": false
      }
    ],
    "isTemplate": false,
    "count": 0,
    "updated": 0
  },
  {
    "id": "dd3bf034-3bd5-4539-876b-da63846868b1",
    "data": [
      {
        "text": "how AI based chatbot  can help",
        "userDefined": false
      }
    ],
    "isTemplate": false,
    "count": 0,
    "updated": 0
  },
  {
    "id": "041ce91f-a936-41a7-aa45-123fc414eb64",
    "data": [
      {
        "text": "how it helps compared to chat app",
        "userDefined": false
      }
    ],
    "isTemplate": false,
    "count": 0,
    "updated": 0
  },
  {
    "id": "21170bb9-e17c-4d1b-9544-16b8d6341615",
    "data": [
      {
        "text": "how can it help compared to chat app",
        "userDefined": false
      }
    ],
    "isTemplate": false,
    "count": 0,
    "updated": 0
  }
]