[
  {
    "id": "39fb837b-ac5c-4126-9842-94b6da0ceea8",
    "data": [
      {
        "text": "whom to buy it from",
        "userDefined": false
      }
    ],
    "isTemplate": false,
    "count": 0,
    "updated": 0
  },
  {
    "id": "8d7ec48a-26ef-436b-be41-e2222eb6e71f",
    "data": [
      {
        "text": "From whom I can buy insurance",
        "userDefined": false
      }
    ],
    "isTemplate": false,
    "count": 0,
    "updated": 0
  },
  {
    "id": "7e59f3e3-88d9-4ba7-a371-85929e8dec89",
    "data": [
      {
        "text": "how do I buy insurance",
        "userDefined": false
      }
    ],
    "isTemplate": false,
    "count": 0,
    "updated": 0
  },
  {
    "id": "a1369d4b-8e3b-4dca-aafa-4238dea4b0a9",
    "data": [
      {
        "text": "How can I buy Insurance",
        "userDefined": false
      }
    ],
    "isTemplate": false,
    "count": 0,
    "updated": 0
  },
  {
    "id": "8b1e57ac-319b-4da1-b279-cc085c965fea",
    "data": [
      {
        "text": "from whom should I buy Insurance",
        "userDefined": false
      }
    ],
    "isTemplate": false,
    "count": 0,
    "updated": 0
  },
  {
    "id": "329da2a8-d9d3-45fe-8f93-0f98402dd131",
    "data": [
      {
        "text": "whom to buy insurance from",
        "userDefined": false
      }
    ],
    "isTemplate": false,
    "count": 0,
    "updated": 0
  },
  {
    "id": "25d44f46-95aa-42aa-b886-95016e34a120",
    "data": [
      {
        "text": "How to buy insurance",
        "userDefined": false
      }
    ],
    "isTemplate": false,
    "count": 0,
    "updated": 0
  },
  {
    "id": "3d041b14-213b-437e-a021-a90671933e9e",
    "data": [
      {
        "text": "How to buy insurance and whom to buy it from",
        "userDefined": false
      }
    ],
    "isTemplate": false,
    "count": 0,
    "updated": 0
  }
]