[
  {
    "id": "818698bb-cf4e-4ac1-bf9a-15c37a12a421",
    "data": [
      {
        "text": "not have a baby",
        "userDefined": false
      }
    ],
    "isTemplate": false,
    "count": 0,
    "updated": 0
  },
  {
    "id": "bc4878f1-c9b0-4975-aba3-56df7ab11fcd",
    "data": [
      {
        "text": "I don\u0027t have a baby",
        "userDefined": false
      }
    ],
    "isTemplate": false,
    "count": 0,
    "updated": 0
  },
  {
    "id": "fa0b86a8-3e9d-404b-9eb2-dcda7541f733",
    "data": [
      {
        "text": "I disagree",
        "userDefined": false
      }
    ],
    "isTemplate": false,
    "count": 2,
    "updated": 0
  },
  {
    "id": "0c5a794f-2705-40e3-8056-95f53392ed34",
    "data": [
      {
        "text": "not really",
        "userDefined": false
      }
    ],
    "isTemplate": false,
    "count": 0,
    "updated": 0
  },
  {
    "id": "e0c3973d-ea07-4bb9-bca4-039857ebf566",
    "data": [
      {
        "text": "no",
        "userDefined": false
      }
    ],
    "isTemplate": false,
    "count": 1,
    "updated": 0
  }
]