[
  {
    "id": "02808664-93cc-4acd-a67a-ce031622d687",
    "data": [
      {
        "text": "1",
        "userDefined": false
      }
    ],
    "isTemplate": false,
    "count": 0,
    "updated": 0
  },
  {
    "id": "3009109a-e561-4433-bf88-f1f4ec716250",
    "data": [
      {
        "text": "I am having a baby.",
        "userDefined": false
      }
    ],
    "isTemplate": false,
    "count": 0,
    "updated": 0
  },
  {
    "id": "7c7c75e4-f25a-4ce9-b5e5-69fa4ff84a7d",
    "data": [
      {
        "text": "having  a baby",
        "userDefined": false
      }
    ],
    "isTemplate": false,
    "count": 0,
    "updated": 0
  },
  {
    "id": "8f4790fe-67b4-404f-a298-ad81290d44aa",
    "data": [
      {
        "text": "I\u0027m having a baby.",
        "userDefined": false
      }
    ],
    "isTemplate": false,
    "count": 0,
    "updated": 0
  }
]