[
  {
    "id": "597c45e2-727a-4876-a153-4be6613e4642",
    "data": [
      {
        "text": "claim",
        "userDefined": false
      }
    ],
    "isTemplate": false,
    "count": 0,
    "updated": 0
  },
  {
    "id": "aa6ea9db-dcdf-4821-8dc6-ef8fe0c5c4e6",
    "data": [
      {
        "text": "policy",
        "userDefined": false
      }
    ],
    "isTemplate": false,
    "count": 0,
    "updated": 0
  },
  {
    "id": "cd70b256-90a9-471f-a66c-6da34b6d571b",
    "data": [
      {
        "text": "what is the meaning of insurance",
        "userDefined": false
      }
    ],
    "isTemplate": false,
    "count": 0,
    "updated": 0
  },
  {
    "id": "26ee3740-d496-41dd-aa2c-6b9c83d544a5",
    "data": [
      {
        "text": "insurance",
        "userDefined": false
      }
    ],
    "isTemplate": false,
    "count": 0,
    "updated": 0
  },
  {
    "id": "32a23532-ac48-45cd-96fb-1edfcc0d4850",
    "data": [
      {
        "text": "what is the insurance",
        "userDefined": false
      }
    ],
    "isTemplate": false,
    "count": 0,
    "updated": 0
  }
]