[
  {
    "id": "9c6349d0-e1ba-4e7a-bd53-1d7774218577",
    "data": [
      {
        "text": "let\u0027s hear ",
        "userDefined": false
      },
      {
        "text": "funny",
        "meta": "@sys.ignore",
        "userDefined": true
      },
      {
        "text": " jokes",
        "userDefined": false
      }
    ],
    "isTemplate": false,
    "count": 0,
    "updated": 0
  },
  {
    "id": "9b8b2251-8dff-4684-a175-280e286184ae",
    "data": [
      {
        "text": "tell",
        "meta": "@sys.ignore",
        "userDefined": false
      },
      {
        "text": " ",
        "userDefined": false
      },
      {
        "text": "me",
        "meta": "@sys.ignore",
        "userDefined": false
      },
      {
        "text": " a ",
        "userDefined": false
      },
      {
        "text": "funny",
        "meta": "@sys.ignore",
        "userDefined": true
      },
      {
        "text": " joke",
        "userDefined": false
      }
    ],
    "isTemplate": false,
    "count": 0,
    "updated": 0
  },
  {
    "id": "21c251fb-900c-4dc5-8999-3cd1ebc0c8db",
    "data": [
      {
        "text": "I",
        "meta": "@sys.ignore",
        "userDefined": true
      },
      {
        "text": "\u0027",
        "userDefined": false
      },
      {
        "text": "m",
        "meta": "@sys.ignore",
        "userDefined": true
      },
      {
        "text": " feeling glum make ",
        "userDefined": false
      },
      {
        "text": "me",
        "meta": "@sys.ignore",
        "userDefined": true
      },
      {
        "text": " laugh",
        "userDefined": false
      }
    ],
    "isTemplate": false,
    "count": 0,
    "updated": 0
  },
  {
    "id": "6fd73257-0283-48ff-a0a7-8b8a0fe06343",
    "data": [
      {
        "text": "do you joke well",
        "userDefined": false
      }
    ],
    "isTemplate": false,
    "count": 0,
    "updated": 0
  },
  {
    "id": "7b3c6c8b-f3a2-4ef5-b28a-cea3221e131e",
    "data": [
      {
        "text": "tell a joke",
        "userDefined": false
      }
    ],
    "isTemplate": false,
    "count": 1,
    "updated": 0
  },
  {
    "id": "efdfe2ab-7e9a-4119-95ca-ec902340ec90",
    "data": [
      {
        "text": "do you have any jokes",
        "userDefined": false
      }
    ],
    "isTemplate": false,
    "count": 0,
    "updated": 0
  },
  {
    "id": "7456b943-fb03-4de0-b4fd-ca9c0c45e1db",
    "data": [
      {
        "text": "I want some jokes",
        "userDefined": false
      }
    ],
    "isTemplate": false,
    "count": 0,
    "updated": 0
  },
  {
    "id": "d307dad0-75db-4fb4-a120-0435c31ccff3",
    "data": [
      {
        "text": "tell me a ",
        "userDefined": false
      },
      {
        "text": "silly",
        "meta": "@sys.ignore",
        "userDefined": true
      },
      {
        "text": " joke",
        "userDefined": false
      }
    ],
    "isTemplate": false,
    "count": 1,
    "updated": 0
  },
  {
    "id": "bab6422d-363a-4d79-9544-4ab8422b5d72",
    "data": [
      {
        "text": "jokes",
        "userDefined": false
      }
    ],
    "isTemplate": false,
    "count": 0,
    "updated": 0
  },
  {
    "id": "65e515c7-32e1-4974-8a82-5284fdc86210",
    "data": [
      {
        "text": "do you know any jokes",
        "userDefined": false
      }
    ],
    "isTemplate": false,
    "count": 0,
    "updated": 0
  },
  {
    "id": "22d0abe5-9a86-4d08-8d4e-6ab0d5da3dcd",
    "data": [
      {
        "text": "can you tell me another joke",
        "userDefined": false
      }
    ],
    "isTemplate": false,
    "count": 0,
    "updated": 0
  },
  {
    "id": "0a5bb228-dfc5-489b-9192-5d2f7f881c82",
    "data": [
      {
        "text": "tell me some jokes",
        "userDefined": false
      }
    ],
    "isTemplate": false,
    "count": 0,
    "updated": 0
  },
  {
    "id": "d2298be8-1600-41f5-8b4f-0db4ae60b662",
    "data": [
      {
        "text": "any",
        "meta": "@sys.ignore",
        "userDefined": false
      },
      {
        "text": " ",
        "userDefined": false
      },
      {
        "text": "good",
        "meta": "@sys.ignore",
        "userDefined": false
      },
      {
        "text": " jokes",
        "userDefined": false
      }
    ],
    "isTemplate": false,
    "count": 0,
    "updated": 0
  },
  {
    "id": "0e2a21c6-ffbc-4a78-b93e-ffd375518681",
    "data": [
      {
        "text": "tell me a ",
        "userDefined": false
      },
      {
        "text": "scary",
        "meta": "@sys.ignore",
        "userDefined": true
      },
      {
        "text": " joke",
        "userDefined": false
      }
    ],
    "isTemplate": false,
    "count": 0,
    "updated": 0
  },
  {
    "id": "ff23e942-34b4-4be6-81a2-b4fa48fd7bef",
    "data": [
      {
        "text": "joke",
        "userDefined": false
      }
    ],
    "isTemplate": false,
    "count": 0,
    "updated": 0
  },
  {
    "id": "1e7aa942-4a93-4e60-be4a-59a099e734f2",
    "data": [
      {
        "text": "tell me a ",
        "userDefined": false
      },
      {
        "text": "nice",
        "meta": "@sys.ignore",
        "userDefined": true
      },
      {
        "text": " joke",
        "userDefined": false
      }
    ],
    "isTemplate": false,
    "count": 0,
    "updated": 0
  },
  {
    "id": "4ddeeaf7-12d1-408f-a49f-865984bdde08",
    "data": [
      {
        "text": "more jokes",
        "userDefined": false
      }
    ],
    "isTemplate": false,
    "count": 0,
    "updated": 0
  },
  {
    "id": "1a9386d7-7254-4bcb-aa5c-a57227505f33",
    "data": [
      {
        "text": "can you joke well",
        "userDefined": false
      }
    ],
    "isTemplate": false,
    "count": 0,
    "updated": 0
  },
  {
    "id": "c2dd2232-285b-4af6-94a7-43cb913bc628",
    "data": [
      {
        "text": "I want a ",
        "userDefined": false
      },
      {
        "text": "funny",
        "meta": "@sys.ignore",
        "userDefined": true
      },
      {
        "text": " joke",
        "userDefined": false
      }
    ],
    "isTemplate": false,
    "count": 0,
    "updated": 0
  },
  {
    "id": "9d7e14dd-93a4-47ad-bda1-447861822bde",
    "data": [
      {
        "text": "I want to hear a joke",
        "userDefined": false
      }
    ],
    "isTemplate": false,
    "count": 0,
    "updated": 0
  },
  {
    "id": "9a4357d6-ccac-46ae-8f67-33b10add5017",
    "data": [
      {
        "text": "it would be nice to hear a joke right now",
        "userDefined": false
      }
    ],
    "isTemplate": false,
    "count": 0,
    "updated": 0
  },
  {
    "id": "4a1bb374-6563-4083-9e80-b9d9f0f1ab56",
    "data": [
      {
        "text": "joke please",
        "userDefined": false
      }
    ],
    "isTemplate": false,
    "count": 0,
    "updated": 0
  },
  {
    "id": "ae15172b-883c-499a-a9e3-bce9a99c9835",
    "data": [
      {
        "text": "give",
        "meta": "@sys.ignore",
        "userDefined": true
      },
      {
        "text": " me a joke",
        "userDefined": false
      }
    ],
    "isTemplate": false,
    "count": 0,
    "updated": 0
  },
  {
    "id": "396c80c2-d26f-450d-83e9-0ff1b6a30cb5",
    "data": [
      {
        "text": "can you tell jokes",
        "userDefined": false
      }
    ],
    "isTemplate": false,
    "count": 0,
    "updated": 0
  },
  {
    "id": "7ab8f236-3cbf-4361-94ff-20c8bc7a4103",
    "data": [
      {
        "text": "tell me a joke",
        "userDefined": false
      }
    ],
    "isTemplate": false,
    "count": 0,
    "updated": 0
  },
  {
    "id": "15d258d4-f927-4bcf-b064-786a79b8c706",
    "data": [
      {
        "text": "tell me a ",
        "userDefined": false
      },
      {
        "text": "funny",
        "meta": "@sys.ignore",
        "userDefined": true
      },
      {
        "text": " joke",
        "userDefined": false
      }
    ],
    "isTemplate": false,
    "count": 1,
    "updated": 0
  },
  {
    "id": "5acfcc7a-0d1d-4f4d-b3d8-8f9d101ce547",
    "data": [
      {
        "text": "let\u0027s joke",
        "userDefined": false
      }
    ],
    "isTemplate": false,
    "count": 0,
    "updated": 0
  },
  {
    "id": "f8a9b55d-ac49-4072-a729-479aa9bf2046",
    "data": [
      {
        "text": "tell me the ",
        "userDefined": false
      },
      {
        "text": "best",
        "meta": "@sys.ignore",
        "userDefined": true
      },
      {
        "text": " joke ever",
        "userDefined": false
      }
    ],
    "isTemplate": false,
    "count": 0,
    "updated": 0
  },
  {
    "id": "57d1c316-3a9c-4315-a3f9-48797ca7aa0e",
    "data": [
      {
        "text": "can you tell me a joke please",
        "userDefined": false
      }
    ],
    "isTemplate": false,
    "count": 0,
    "updated": 0
  },
  {
    "id": "1d5f7c14-ecfa-4144-bddd-111c46c01d79",
    "data": [
      {
        "text": "some joke",
        "userDefined": false
      }
    ],
    "isTemplate": false,
    "count": 0,
    "updated": 0
  },
  {
    "id": "f3d5747f-ce9d-4639-96a1-50cb8289f008",
    "data": [
      {
        "text": "random joke",
        "userDefined": false
      }
    ],
    "isTemplate": false,
    "count": 0,
    "updated": 0
  },
  {
    "id": "bd3bc052-b317-4290-bc49-44ed7459365f",
    "data": [
      {
        "text": "tell me a joke please",
        "userDefined": false
      }
    ],
    "isTemplate": false,
    "count": 0,
    "updated": 0
  },
  {
    "id": "eeb47a0d-eafe-4678-91eb-a32d734f01e0",
    "data": [
      {
        "text": "tell",
        "meta": "@sys.ignore",
        "userDefined": false
      },
      {
        "text": " ",
        "userDefined": false
      },
      {
        "text": "me",
        "meta": "@sys.ignore",
        "userDefined": false
      },
      {
        "text": " a ",
        "userDefined": false
      },
      {
        "text": "funny",
        "meta": "@sys.ignore",
        "userDefined": true
      },
      {
        "text": " joke please",
        "userDefined": false
      }
    ],
    "isTemplate": false,
    "count": 0,
    "updated": 0
  },
  {
    "id": "cb4ce3d1-94a6-4f06-88f4-8dce2ec66b6a",
    "data": [
      {
        "text": "tell me ",
        "userDefined": false
      },
      {
        "text": "your",
        "meta": "@sys.ignore",
        "userDefined": true
      },
      {
        "text": " ",
        "userDefined": false
      },
      {
        "text": "funniest",
        "meta": "@sys.ignore",
        "userDefined": true
      },
      {
        "text": " joke",
        "userDefined": false
      }
    ],
    "isTemplate": false,
    "count": 0,
    "updated": 0
  }
]