[
  {
    "id": "f4671714-5d26-4194-b3f0-6355ee00179d",
    "data": [
      {
        "text": "yes",
        "userDefined": false
      }
    ],
    "isTemplate": false,
    "count": 0,
    "updated": 0
  },
  {
    "id": "7bae4dff-dacc-42d6-8a13-2f66665c4bd4",
    "data": [
      {
        "text": "another joke",
        "userDefined": false
      }
    ],
    "isTemplate": false,
    "count": 0,
    "updated": 0
  },
  {
    "id": "f7bf2975-a8d1-4335-a008-26ac3d5142b3",
    "data": [
      {
        "text": "okay",
        "userDefined": false
      }
    ],
    "isTemplate": false,
    "count": 0,
    "updated": 0
  },
  {
    "id": "59170642-6313-4789-bf42-b371787d6ee0",
    "data": [
      {
        "text": "anything else",
        "userDefined": false
      }
    ],
    "isTemplate": false,
    "count": 0,
    "updated": 0
  },
  {
    "id": "245a52d8-9f2f-44c8-8ed6-33ebceecc674",
    "data": [
      {
        "text": "tell me another",
        "userDefined": false
      }
    ],
    "isTemplate": false,
    "count": 0,
    "updated": 0
  },
  {
    "id": "38310ef4-e63b-4354-addf-ecfbbac9e867",
    "data": [
      {
        "text": "yes sure",
        "userDefined": false
      }
    ],
    "isTemplate": false,
    "count": 0,
    "updated": 0
  },
  {
    "id": "f7d74f3b-d60a-4ec1-89f0-1c7560d2100d",
    "data": [
      {
        "text": "ok",
        "userDefined": false
      }
    ],
    "isTemplate": false,
    "count": 0,
    "updated": 0
  },
  {
    "id": "1a8a774b-7acb-4d43-933f-ac40f616f616",
    "data": [
      {
        "text": "tell me more",
        "userDefined": false
      }
    ],
    "isTemplate": false,
    "count": 0,
    "updated": 0
  },
  {
    "id": "6754e784-48ef-4445-83a6-e7d4387449c4",
    "data": [
      {
        "text": "more fun",
        "userDefined": false
      }
    ],
    "isTemplate": false,
    "count": 0,
    "updated": 0
  },
  {
    "id": "9826fdc4-b9dd-42d6-aa04-45a2cdad629d",
    "data": [
      {
        "text": "what else",
        "userDefined": false
      }
    ],
    "isTemplate": false,
    "count": 0,
    "updated": 0
  },
  {
    "id": "357958b7-e85e-4647-b3ae-413e6dc8c5c6",
    "data": [
      {
        "text": "next",
        "userDefined": false
      }
    ],
    "isTemplate": false,
    "count": 0,
    "updated": 0
  },
  {
    "id": "d9be2743-2daa-4aa6-8368-f2702bbc9f7b",
    "data": [
      {
        "text": "more",
        "userDefined": false
      }
    ],
    "isTemplate": false,
    "count": 0,
    "updated": 0
  },
  {
    "id": "905cd04e-d052-4168-9ecc-8062085ac123",
    "data": [
      {
        "text": "more jokes",
        "userDefined": false
      }
    ],
    "isTemplate": false,
    "count": 0,
    "updated": 0
  },
  {
    "id": "191a4efc-83a1-4555-b36d-8fbe30845150",
    "data": [
      {
        "text": "I\u0027m ready for more",
        "userDefined": false
      }
    ],
    "isTemplate": false,
    "count": 0,
    "updated": 0
  },
  {
    "id": "1ec6ac91-504f-47d7-b13e-bbd2b6626b21",
    "data": [
      {
        "text": "sure",
        "userDefined": false
      }
    ],
    "isTemplate": false,
    "count": 0,
    "updated": 0
  },
  {
    "id": "98f89913-b306-4e4a-bf4b-9ad3cd49a27b",
    "data": [
      {
        "text": "another ",
        "userDefined": false
      },
      {
        "text": "one",
        "meta": "@sys.ignore",
        "userDefined": false
      }
    ],
    "isTemplate": false,
    "count": 0,
    "updated": 0
  },
  {
    "id": "70626774-d303-447d-b041-62f2ef3dde93",
    "data": [
      {
        "text": "ready for more",
        "userDefined": false
      }
    ],
    "isTemplate": false,
    "count": 0,
    "updated": 0
  },
  {
    "id": "da1fcaad-b08b-4cb4-b383-4eb74aec36da",
    "data": [
      {
        "text": "do you have more",
        "userDefined": false
      }
    ],
    "isTemplate": false,
    "count": 0,
    "updated": 0
  },
  {
    "id": "3925c91c-94cc-44e8-9952-5be7cedc6df2",
    "data": [
      {
        "text": "are there more",
        "userDefined": false
      }
    ],
    "isTemplate": false,
    "count": 0,
    "updated": 0
  },
  {
    "id": "68aed561-fa55-4664-b2eb-551b85343195",
    "data": [
      {
        "text": "go for it",
        "userDefined": false
      }
    ],
    "isTemplate": false,
    "count": 0,
    "updated": 0
  },
  {
    "id": "b69ba223-ca01-4b78-9d78-d1a2384352b8",
    "data": [
      {
        "text": "ready",
        "userDefined": false
      }
    ],
    "isTemplate": false,
    "count": 0,
    "updated": 0
  },
  {
    "id": "d38aa9f8-d434-45bd-8f22-5c52643e9a86",
    "data": [
      {
        "text": "why not",
        "userDefined": false
      }
    ],
    "isTemplate": false,
    "count": 0,
    "updated": 0
  }
]