[
  {
    "id": "3136b258-1dd1-4030-8acf-8147aafaff57",
    "data": [
      {
        "text": "what is the Liability insurance",
        "userDefined": false
      }
    ],
    "isTemplate": false,
    "count": 0,
    "updated": 0
  },
  {
    "id": "83353eb1-b39e-4853-bf76-31612f99e2ad",
    "data": [
      {
        "text": "Liability",
        "userDefined": false
      }
    ],
    "isTemplate": false,
    "count": 0,
    "updated": 0
  },
  {
    "id": "809139ed-b16c-44a6-a565-b931d7a394e4",
    "data": [
      {
        "text": "Liability Insurance",
        "userDefined": false
      }
    ],
    "isTemplate": false,
    "count": 0,
    "updated": 0
  }
]