[
  {
    "id": "1d764f52-4ee0-4bba-97cc-7bdcf9e7daa2",
    "data": [
      {
        "text": "what is the Life insurance",
        "userDefined": false
      }
    ],
    "isTemplate": false,
    "count": 0,
    "updated": 0
  },
  {
    "id": "364790d7-b8e8-4c7b-ab61-0a53a67eead3",
    "data": [
      {
        "text": "Life",
        "userDefined": false
      }
    ],
    "isTemplate": false,
    "count": 0,
    "updated": 0
  },
  {
    "id": "84632cac-5fbf-4e15-9c08-41b4a40c3554",
    "data": [
      {
        "text": "Life Insurance",
        "userDefined": false
      }
    ],
    "isTemplate": false,
    "count": 0,
    "updated": 0
  },
  {
    "id": "1befb1c2-e01c-4d5a-8ca3-3506328007a6",
    "data": [
      {
        "text": "Life Insurance or Personal Insurance",
        "userDefined": false
      }
    ],
    "isTemplate": false,
    "count": 1,
    "updated": 0
  }
]