[
  {
    "id": "2ea719c7-661c-4d52-b0ea-6c947071b587",
    "data": [
      {
        "text": "It was ",
        "userDefined": false
      },
      {
        "text": "bad",
        "alias": "Rating",
        "meta": "@Rating",
        "userDefined": false
      }
    ],
    "isTemplate": false,
    "count": 0,
    "updated": 0
  },
  {
    "id": "794f54b4-27b9-4ab1-8dc5-f3cc5a088d3d",
    "data": [
      {
        "text": "Bad",
        "alias": "Rating",
        "meta": "@Rating",
        "userDefined": false
      }
    ],
    "isTemplate": false,
    "count": 0,
    "updated": 0
  },
  {
    "id": "40409e9f-06a9-427b-8886-f7bf870b9a67",
    "data": [
      {
        "text": "Terrible",
        "alias": "Rating",
        "meta": "@Rating",
        "userDefined": false
      }
    ],
    "isTemplate": false,
    "count": 0,
    "updated": 0
  }
]