[
  {
    "id": "f015a569-1af0-4581-a5c7-2ad9ecdbfc9c",
    "data": [
      {
        "text": "loved it",
        "alias": "Rating",
        "meta": "@Rating",
        "userDefined": false
      }
    ],
    "isTemplate": false,
    "count": 0,
    "updated": 0
  },
  {
    "id": "b82cc693-aa77-43b3-948e-b8359fd8be1a",
    "data": [
      {
        "text": "good",
        "alias": "Rating",
        "meta": "@Rating",
        "userDefined": false
      }
    ],
    "isTemplate": false,
    "count": 0,
    "updated": 0
  },
  {
    "id": "cfbe3cd0-5831-4165-a8a2-e265db10d3bc",
    "data": [
      {
        "text": "It was ",
        "userDefined": false
      },
      {
        "text": "good",
        "alias": "Rating",
        "meta": "@Rating",
        "userDefined": false
      }
    ],
    "isTemplate": false,
    "count": 0,
    "updated": 0
  }
]