[
  {
    "id": "b6d23a3f-5948-495a-987b-491650616fc3",
    "data": [
      {
        "text": "what is the Marine insurance",
        "userDefined": false
      }
    ],
    "isTemplate": false,
    "count": 0,
    "updated": 0
  },
  {
    "id": "bf904c92-c456-44a9-9001-2fbe7f7e5427",
    "data": [
      {
        "text": "Marine",
        "userDefined": false
      }
    ],
    "isTemplate": false,
    "count": 0,
    "updated": 0
  },
  {
    "id": "62fd5cb2-48c5-477c-b090-846a6db81de8",
    "data": [
      {
        "text": "Marine Insurance",
        "userDefined": false
      }
    ],
    "isTemplate": false,
    "count": 0,
    "updated": 0
  }
]