[
  {
    "id": "cce5bc0c-c691-4f8a-8f47-abf9f8f799d1",
    "data": [
      {
        "text": "what is Money back plans or cash back plans",
        "userDefined": false
      }
    ],
    "isTemplate": false,
    "count": 0,
    "updated": 0
  },
  {
    "id": "69cd1c68-3ea5-4ca3-9a04-b200fadf56d7",
    "data": [
      {
        "text": "what is Money back plans",
        "userDefined": false
      }
    ],
    "isTemplate": false,
    "count": 0,
    "updated": 0
  },
  {
    "id": "796db658-f8f5-44f1-af79-f34150d0c86a",
    "data": [
      {
        "text": "what is the Money back plans",
        "userDefined": false
      }
    ],
    "isTemplate": false,
    "count": 0,
    "updated": 0
  },
  {
    "id": "8f3facd9-70e9-4482-a093-f7b6e7695aaf",
    "data": [
      {
        "text": "what is the cash back plans",
        "userDefined": false
      }
    ],
    "isTemplate": false,
    "count": 0,
    "updated": 0
  },
  {
    "id": "5e5ec750-40f8-4554-bf06-817c001fb730",
    "data": [
      {
        "text": "what is cash back plans",
        "userDefined": false
      }
    ],
    "isTemplate": false,
    "count": 0,
    "updated": 0
  },
  {
    "id": "a05307a8-1831-42ed-b117-628d620d10bb",
    "data": [
      {
        "text": "cash back plans",
        "userDefined": false
      }
    ],
    "isTemplate": false,
    "count": 0,
    "updated": 0
  },
  {
    "id": "ba12e5b4-39a6-44ad-8c48-891e320b58eb",
    "data": [
      {
        "text": "Money back plans",
        "userDefined": false
      }
    ],
    "isTemplate": false,
    "count": 0,
    "updated": 0
  },
  {
    "id": "3f2082d4-ccbe-491a-87b8-037500f2e475",
    "data": [
      {
        "text": "Money back plans or cash back plans",
        "userDefined": false
      }
    ],
    "isTemplate": false,
    "count": 2,
    "updated": 0
  }
]