[
  {
    "id": "c0b2f784-5e72-4dc5-af03-f72ac9a38035",
    "data": [
      {
        "text": "my insurance",
        "userDefined": false
      }
    ],
    "isTemplate": false,
    "count": 0,
    "updated": 0
  },
  {
    "id": "071fff26-16f6-4830-9e8b-3f3ffe5f5a6a",
    "data": [
      {
        "text": "my claims",
        "userDefined": false
      }
    ],
    "isTemplate": false,
    "count": 0,
    "updated": 0
  },
  {
    "id": "ca230872-5461-4ef0-baff-45dffa2d549b",
    "data": [
      {
        "text": "my policies",
        "userDefined": false
      }
    ],
    "isTemplate": false,
    "count": 0,
    "updated": 0
  },
  {
    "id": "e311eaf8-30cb-456b-93ac-75a64f5faead",
    "data": [
      {
        "text": "insurance status",
        "userDefined": false
      }
    ],
    "isTemplate": false,
    "count": 0,
    "updated": 0
  },
  {
    "id": "8d32431b-c73b-4d94-ba67-7404f85afc9a",
    "data": [
      {
        "text": "policy status",
        "userDefined": false
      }
    ],
    "isTemplate": false,
    "count": 0,
    "updated": 0
  },
  {
    "id": "fd83dca6-4759-47fa-8962-1541c419d47e",
    "data": [
      {
        "text": "claim status",
        "userDefined": false
      }
    ],
    "isTemplate": false,
    "count": 0,
    "updated": 0
  },
  {
    "id": "79d76c7d-5b39-4f6c-a055-a09270401bd3",
    "data": [
      {
        "text": "what is my claim status",
        "userDefined": false
      }
    ],
    "isTemplate": false,
    "count": 0,
    "updated": 0
  }
]