[
  {
    "id": "50789d11-0f4d-4f03-b3f9-638af632d920",
    "data": [
      {
        "text": "natural language processing",
        "userDefined": false
      }
    ],
    "isTemplate": false,
    "count": 0,
    "updated": 0
  },
  {
    "id": "521400e9-0cc2-4981-89fd-108b7411bc64",
    "data": [
      {
        "text": "what is Natural Language processing",
        "userDefined": false
      }
    ],
    "isTemplate": false,
    "count": 0,
    "updated": 0
  },
  {
    "id": "dc328926-86c6-4c85-8d2d-fc5c422d50e3",
    "data": [
      {
        "text": "NLP",
        "userDefined": false
      }
    ],
    "isTemplate": false,
    "count": 0,
    "updated": 0
  },
  {
    "id": "3074ce84-d79f-46f0-a27e-cc26f883b918",
    "data": [
      {
        "text": "what is the NLP",
        "userDefined": false
      }
    ],
    "isTemplate": false,
    "count": 0,
    "updated": 0
  }
]