[
  {
    "id": "9e64f069-f77d-480f-a686-bb0dcc1208a0",
    "data": [
      {
        "text": "What is the personal insurance",
        "userDefined": false
      }
    ],
    "isTemplate": false,
    "count": 0,
    "updated": 0
  },
  {
    "id": "da7b8a0e-e027-41da-b70f-15474ead8e70",
    "data": [
      {
        "text": "Personal",
        "userDefined": false
      }
    ],
    "isTemplate": false,
    "count": 0,
    "updated": 0
  },
  {
    "id": "d3428264-ac2d-4944-a85e-9a91a392db30",
    "data": [
      {
        "text": "Personal Insurance",
        "userDefined": false
      }
    ],
    "isTemplate": false,
    "count": 0,
    "updated": 0
  }
]