[
  {
    "id": "ea2b4b65-36e8-4535-809b-3157e488099d",
    "data": [
      {
        "text": "what is the term insurance",
        "userDefined": false
      }
    ],
    "isTemplate": false,
    "count": 0,
    "updated": 0
  },
  {
    "id": "43d448dd-b0d4-4d2f-8ed5-8c3c4706075f",
    "data": [
      {
        "text": "what is term insurance",
        "userDefined": false
      }
    ],
    "isTemplate": false,
    "count": 0,
    "updated": 0
  },
  {
    "id": "d3f4cebb-7144-4875-9145-0a0a1fe4aea3",
    "data": [
      {
        "text": "Term Insurance",
        "userDefined": false
      }
    ],
    "isTemplate": false,
    "count": 0,
    "updated": 0
  }
]