[
  {
    "id": "6d2c13c4-a4a0-418a-b548-924def6c79f4",
    "data": [
      {
        "text": "what are the different types of insurance",
        "userDefined": false
      }
    ],
    "isTemplate": false,
    "count": 0,
    "updated": 0
  },
  {
    "id": "b43b9315-daef-40ab-9979-a8b52aa85efe",
    "data": [
      {
        "text": "types of insurance",
        "userDefined": false
      }
    ],
    "isTemplate": false,
    "count": 0,
    "updated": 0
  },
  {
    "id": "2522e808-a83f-43c6-b40a-4d01b44c9a8d",
    "data": [
      {
        "text": "what are the types of insurance",
        "userDefined": false
      }
    ],
    "isTemplate": false,
    "count": 0,
    "updated": 0
  },
  {
    "id": "eb462b95-423d-461c-ab16-22211d297bda",
    "data": [
      {
        "text": "insurance types",
        "userDefined": false
      }
    ],
    "isTemplate": false,
    "count": 0,
    "updated": 0
  },
  {
    "id": "de1916c7-581a-4cb5-af84-93a690d42959",
    "data": [
      {
        "text": "what are the insurance types",
        "userDefined": false
      }
    ],
    "isTemplate": false,
    "count": 0,
    "updated": 0
  }
]