[
  {
    "id": "d2f19a3d-a194-4f2b-bc66-0aa6d2e5392e",
    "data": [
      {
        "text": "insurance to buy",
        "userDefined": false
      }
    ],
    "isTemplate": false,
    "count": 0,
    "updated": 0
  },
  {
    "id": "51840057-23d4-4181-a46c-73a362add7e2",
    "data": [
      {
        "text": "which insurance should I buy",
        "userDefined": false
      }
    ],
    "isTemplate": false,
    "count": 0,
    "updated": 0
  },
  {
    "id": "8b73e337-e15e-4fa2-9a35-875ca199080f",
    "data": [
      {
        "text": "which insurance to buy",
        "userDefined": false
      }
    ],
    "isTemplate": false,
    "count": 0,
    "updated": 0
  },
  {
    "id": "e9e4838f-aafd-47d2-baee-0c5670bb4eb3",
    "data": [
      {
        "text": "What insurance should I buy",
        "userDefined": false
      }
    ],
    "isTemplate": false,
    "count": 0,
    "updated": 0
  },
  {
    "id": "6c368491-444b-4e2c-ae02-ed4bc402787a",
    "data": [
      {
        "text": "What insurance to buy",
        "userDefined": false
      }
    ],
    "isTemplate": false,
    "count": 0,
    "updated": 0
  }
]