[
  {
    "id": "3e434212-bf52-4106-8d80-1752ed700d88",
    "data": [
      {
        "text": "which Health Insurance should I Buy",
        "userDefined": false
      }
    ],
    "isTemplate": false,
    "count": 0,
    "updated": 0
  },
  {
    "id": "9a53b51d-b5e4-4d51-a1e8-ac14d8fee48d",
    "data": [
      {
        "text": "What Health Insurance I should Buy",
        "userDefined": false
      }
    ],
    "isTemplate": false,
    "count": 0,
    "updated": 0
  },
  {
    "id": "c39c7c96-1efe-4b1d-b949-a4c792f25316",
    "data": [
      {
        "text": "which Health Insurance to Buy",
        "userDefined": false
      }
    ],
    "isTemplate": false,
    "count": 0,
    "updated": 0
  },
  {
    "id": "e497813b-795b-404b-87c2-a10dfb081e47",
    "data": [
      {
        "text": "What Health Insurance to Buy",
        "userDefined": false
      }
    ],
    "isTemplate": false,
    "count": 0,
    "updated": 0
  }
]