[
  {
    "id": "8e5ac01e-0ef9-43a9-9bb4-2ac6cc995c92",
    "data": [
      {
        "text": "what are the types of Life Insurance",
        "userDefined": false
      }
    ],
    "isTemplate": false,
    "count": 0,
    "updated": 0
  },
  {
    "id": "203bb0af-d009-492c-be4d-98d3771cb844",
    "data": [
      {
        "text": "Life Insurance types",
        "userDefined": false
      }
    ],
    "isTemplate": false,
    "count": 0,
    "updated": 0
  },
  {
    "id": "588579c2-8197-4d9e-b8fc-ff8e423f1670",
    "data": [
      {
        "text": "which life insurance to buy",
        "userDefined": false
      }
    ],
    "isTemplate": false,
    "count": 0,
    "updated": 0
  },
  {
    "id": "95b1a081-10d0-46b2-9399-9dcfb414b75e",
    "data": [
      {
        "text": "what are the different types of Life Insurance",
        "userDefined": false
      }
    ],
    "isTemplate": false,
    "count": 0,
    "updated": 0
  },
  {
    "id": "0ad89ff8-e330-40e2-96de-2932afc5950a",
    "data": [
      {
        "text": "types of Life Insurance",
        "userDefined": false
      }
    ],
    "isTemplate": false,
    "count": 0,
    "updated": 0
  },
  {
    "id": "a005500d-648f-4d4e-b83a-a0ffc81dd63c",
    "data": [
      {
        "text": "What Life Insurance to Buy",
        "userDefined": false
      }
    ],
    "isTemplate": false,
    "count": 0,
    "updated": 0
  }
]