[
  {
    "id": "e3dd6dc9-16b9-41f6-9745-373904ff9ac4",
    "data": [
      {
        "text": "What is not covered in a Burglary Insurance",
        "userDefined": false
      }
    ],
    "isTemplate": false,
    "count": 0,
    "updated": 0
  },
  {
    "id": "bd3df423-f328-4727-806e-4bad4ce79fbd",
    "data": [
      {
        "text": "what is excluded in Burglary Insurance",
        "userDefined": false
      }
    ],
    "isTemplate": false,
    "count": 0,
    "updated": 0
  },
  {
    "id": "2a32461b-d775-4f47-8dad-01453856e87b",
    "data": [
      {
        "text": "what is excluded in Burglary Insurance Policy",
        "userDefined": false
      }
    ],
    "isTemplate": false,
    "count": 0,
    "updated": 0
  },
  {
    "id": "b8a326e1-76ef-4d4e-8381-2f8db4a0b8f9",
    "data": [
      {
        "text": "What is not covered in a Burglary Insurance Policy",
        "userDefined": false
      }
    ],
    "isTemplate": false,
    "count": 0,
    "updated": 0
  }
]