[
  {
    "id": "a66c1887-26cf-41b8-8b57-04b21172e8ad",
    "data": [
      {
        "text": "types of motor insurance",
        "userDefined": false
      }
    ],
    "isTemplate": false,
    "count": 0,
    "updated": 0
  },
  {
    "id": "d9a22ab7-e774-4047-ac43-d41b9a243ed6",
    "data": [
      {
        "text": "Which Motor Insurance to Buy",
        "userDefined": false
      }
    ],
    "isTemplate": false,
    "count": 0,
    "updated": 0
  },
  {
    "id": "1594a030-0efb-41a1-a514-e59171935f53",
    "data": [
      {
        "text": "What Motor Insurance to Buy",
        "userDefined": false
      }
    ],
    "isTemplate": false,
    "count": 0,
    "updated": 0
  }
]