[
  {
    "id": "885d7a60-a844-444c-a6e0-67daf80c757c",
    "data": [
      {
        "text": "what is the Whole Life Insurance",
        "userDefined": false
      }
    ],
    "isTemplate": false,
    "count": 0,
    "updated": 0
  },
  {
    "id": "cbf28cb2-0b2a-4e1f-974d-789bfa00c844",
    "data": [
      {
        "text": "what is Whole Life Insurance",
        "userDefined": false
      }
    ],
    "isTemplate": false,
    "count": 0,
    "updated": 0
  },
  {
    "id": "273648d8-041e-4ad2-871b-b54e58e41eb4",
    "data": [
      {
        "text": "Whole Life Insurance",
        "userDefined": false
      }
    ],
    "isTemplate": false,
    "count": 0,
    "updated": 0
  }
]