[
  {
    "id": "49097704-3454-418c-82e8-bd7c5cde46ec",
    "data": [
      {
        "text": "need of Property Insurance",
        "userDefined": false
      }
    ],
    "isTemplate": false,
    "count": 0,
    "updated": 0
  },
  {
    "id": "e85dfdf5-b745-4019-b530-b7469b42c6d2",
    "data": [
      {
        "text": "what is the need of Buying Property Insurance",
        "userDefined": false
      }
    ],
    "isTemplate": false,
    "count": 0,
    "updated": 0
  },
  {
    "id": "8dbf5da7-7376-4137-94c4-4356a76f8fd5",
    "data": [
      {
        "text": "Why should I Buy Property Insurance",
        "userDefined": false
      }
    ],
    "isTemplate": false,
    "count": 0,
    "updated": 0
  },
  {
    "id": "2984775c-c9e6-4f42-a352-c80e02ee6cc7",
    "data": [
      {
        "text": "Why to Buy Property Insurance",
        "userDefined": false
      }
    ],
    "isTemplate": false,
    "count": 0,
    "updated": 0
  },
  {
    "id": "40902a13-fa1a-483e-98d4-c1551eb3b2b7",
    "data": [
      {
        "text": "Why Buy Property Insurance",
        "userDefined": false
      }
    ],
    "isTemplate": false,
    "count": 0,
    "updated": 0
  }
]