[
  {
    "id": "ffb1a9fd-1156-4191-986c-a315e1135951",
    "data": [
      {
        "text": "what is the need to Buy Health Insurance",
        "userDefined": false
      }
    ],
    "isTemplate": false,
    "count": 0,
    "updated": 0
  },
  {
    "id": "1765a729-6a78-48b9-a9d6-f0ea4f6b7b82",
    "data": [
      {
        "text": "Why should Buy Health Insurance",
        "userDefined": false
      }
    ],
    "isTemplate": false,
    "count": 0,
    "updated": 0
  },
  {
    "id": "e29d270b-9405-421e-9094-a881d2232a3d",
    "data": [
      {
        "text": "Why to Buy Health Insurance",
        "userDefined": false
      }
    ],
    "isTemplate": false,
    "count": 0,
    "updated": 0
  },
  {
    "id": "1c148187-a4fa-4d29-85f5-a0abe65d8be5",
    "data": [
      {
        "text": "Why Buy Health Insurance",
        "userDefined": false
      }
    ],
    "isTemplate": false,
    "count": 0,
    "updated": 0
  }
]