[
  {
    "id": "98995c2a-5c8c-4cf9-8555-40ac5bf42d28",
    "data": [
      {
        "text": "why should I buy Life Insurance",
        "userDefined": false
      }
    ],
    "isTemplate": false,
    "count": 0,
    "updated": 0
  },
  {
    "id": "3cc93d01-3d16-4141-81d9-99c1559af3f5",
    "data": [
      {
        "text": "need of  Life Insurance",
        "userDefined": false
      }
    ],
    "isTemplate": false,
    "count": 0,
    "updated": 0
  },
  {
    "id": "11889baa-6b9b-4dad-9209-48b4473f6b21",
    "data": [
      {
        "text": "why life insurance",
        "userDefined": false
      }
    ],
    "isTemplate": false,
    "count": 0,
    "updated": 0
  },
  {
    "id": "416b6f64-84ee-4aa0-a924-4330a962e4b1",
    "data": [
      {
        "text": "Why Buy Life Insurance",
        "userDefined": false
      }
    ],
    "isTemplate": false,
    "count": 0,
    "updated": 0
  }
]