[
  {
    "id": "cf499ede-0b9f-4720-b48e-e619f7f53f15",
    "data": [
      {
        "text": "what is the need of Motor Insurance",
        "userDefined": false
      }
    ],
    "isTemplate": false,
    "count": 0,
    "updated": 0
  },
  {
    "id": "15730641-ae1e-4f44-be44-534f11e0133e",
    "data": [
      {
        "text": "need of Motor Insurance",
        "userDefined": false
      }
    ],
    "isTemplate": false,
    "count": 0,
    "updated": 0
  },
  {
    "id": "a74b1a7e-76c6-4aed-9a1f-14ef9b1c80ad",
    "data": [
      {
        "text": "Why to Buy Motor Insurance",
        "userDefined": false
      }
    ],
    "isTemplate": false,
    "count": 0,
    "updated": 0
  },
  {
    "id": "1249b0f0-09c3-47a9-abbe-d81929e786fb",
    "data": [
      {
        "text": "Why Buy Motor Insurance",
        "userDefined": false
      }
    ],
    "isTemplate": false,
    "count": 0,
    "updated": 0
  }
]