[
  {
    "id": "46cbd6d0-5620-4f0a-9ecf-15f26a2ef3e0",
    "data": [
      {
        "text": "need of buying insurance",
        "userDefined": false
      }
    ],
    "isTemplate": false,
    "count": 0,
    "updated": 0
  },
  {
    "id": "6db08f82-1543-4069-85cb-b820897a59ac",
    "data": [
      {
        "text": "What is the need to buy Insurance",
        "userDefined": false
      }
    ],
    "isTemplate": false,
    "count": 0,
    "updated": 0
  },
  {
    "id": "a106570e-fa74-49e4-a720-08c533b8bf6b",
    "data": [
      {
        "text": "Why should I buy Insurance",
        "userDefined": false
      }
    ],
    "isTemplate": false,
    "count": 0,
    "updated": 0
  },
  {
    "id": "6725b255-8691-4fe8-a1c8-38aa96ff8a98",
    "data": [
      {
        "text": "Why to buy Insurance",
        "userDefined": false
      }
    ],
    "isTemplate": false,
    "count": 0,
    "updated": 0
  },
  {
    "id": "722d85ca-cff0-4c59-b132-2e8e55026f3c",
    "data": [
      {
        "text": "Why buy Insurance",
        "userDefined": false
      }
    ],
    "isTemplate": false,
    "count": 0,
    "updated": 0
  }
]